receive_timestamp,event_timestamp_ms,event_type,child_present,child_confidence,child_zone,temperature_celsius,temperature_sensor_status,guardian_state,guardian_child_present,guardian_temperature_celsius,window_percentage,window_alarm_enabled,hvac_target_temperature_celsius,hvac_active,hvac_fan_speed_percent,hvac_fault_active
2026-10-07T17:06:50.457428+00:00,1791392810454,temperature,,,,24.0,OK,,,,,,,,,
2026-10-07T17:06:50.457978+00:00,,guardian_state,,,,,,MONITORING,True,24.0,,,,,,
2026-10-07T17:06:52.460045+00:00,1791392812457,temperature,,,,24.0,OK,,,,,,,,,
2026-10-07T17:06:52.460852+00:00,,guardian_state,,,,,,MONITORING,True,24.0,,,,,,
2026-10-07T17:06:54.460874+00:00,1791392814458,temperature,,,,24.0,OK,,,,,,,,,
2026-10-07T17:06:54.461790+00:00,,guardian_state,,,,,,MONITORING,True,24.0,,,,,,
2026-10-07T17:06:55.760623+00:00,1791392815757,child_presence,True,0.97,rear_center,,,,,,,,,,,
2026-10-07T17:06:55.761275+00:00,,guardian_state,,,,,,MONITORING,True,24.0,,,,,,
2026-10-07T17:06:56.464482+00:00,1791392816461,temperature,,,,24.0,OK,,,,,,,,,
2026-10-07T17:06:56.465288+00:00,,guardian_state,,,,,,MONITORING,True,24.0,,,,,,
2026-10-07T17:06:58.470278+00:00,1791392818467,temperature,,,,24.0,OK,,,,,,,,,
2026-10-07T17:06:58.471190+00:00,,guardian_state,,,,,,MONITORING,True,24.0,,,,,,
2026-10-07T17:07:00.477829+00:00,1791392820474,temperature,,,,24.0,OK,,,,,,,,,
2026-10-07T17:07:00.478824+00:00,,guardian_state,,,,,,MONITORING,True,24.0,,,,,,
2026-10-07T17:07:02.478867+00:00,1791392822476,temperature,,,,24.0,OK,,,,,,,,,
2026-10-07T17:07:02.479707+00:00,,guardian_state,,,,,,MONITORING,True,24.0,,,,,,
2026-10-07T17:07:04.480610+00:00,1791392824477,temperature,,,,24.0,OK,,,,,,,,,
2026-10-07T17:07:04.481303+00:00,,guardian_state,,,,,,MONITORING,True,24.0,,,,,,
2026-10-07T17:07:06.483718+00:00,1791392826481,temperature,,,,24.0,OK,,,,,,,,,
2026-10-07T17:07:06.484553+00:00,,guardian_state,,,,,,MONITORING,True,24.0,,,,,,
2026-10-07T17:07:07.763901+00:00,1791392827760,child_presence,True,0.97,rear_center,,,,,,,,,,,
2026-10-07T17:07:07.764584+00:00,,guardian_state,,,,,,MONITORING,True,24.0,,,,,,
2026-10-07T17:07:08.485376+00:00,1791392828482,temperature,,,,24.0,OK,,,,,,,,,
2026-10-07T17:07:08.486096+00:00,,guardian_state,,,,,,MONITORING,True,24.0,,,,,,
2026-10-07T17:07:10.486949+00:00,1791392830484,temperature,,,,24.0,OK,,,,,,,,,
2026-10-07T17:07:10.487770+00:00,,guardian_state,,,,,,MONITORING,True,24.0,,,,,,
2026-10-07T17:07:12.489273+00:00,1791392832485,temperature,,,,24.0,OK,,,,,,,,,
2026-10-07T17:07:12.491040+00:00,,guardian_state,,,,,,MONITORING,True,24.0,,,,,,
2026-10-07T17:07:14.494607+00:00,1791392834492,temperature,,,,24.0,OK,,,,,,,,,
2026-10-07T17:07:14.495360+00:00,,guardian_state,,,,,,MONITORING,True,24.0,,,,,,
2026-10-07T17:07:16.497880+00:00,1791392836495,temperature,,,,24.0,OK,,,,,,,,,
2026-10-07T17:07:16.498844+00:00,,guardian_state,,,,,,MONITORING,True,24.0,,,,,,
2026-10-07T17:07:18.500907+00:00,1791392838498,temperature,,,,24.0,OK,,,,,,,,,
2026-10-07T17:07:18.501530+00:00,,guardian_state,,,,,,MONITORING,True,24.0,,,,,,
2026-10-07T17:07:19.770126+00:00,1791392839767,child_presence,True,0.97,rear_center,,,,,,,,,,,
2026-10-07T17:07:19.770826+00:00,,guardian_state,,,,,,MONITORING,True,24.0,,,,,,
2026-10-07T17:07:20.505172+00:00,1791392840502,temperature,,,,24.0,OK,,,,,,,,,
2026-10-07T17:07:20.505914+00:00,,guardian_state,,,,,,MONITORING,True,24.0,,,,,,
2026-10-07T17:07:22.510242+00:00,1791392842505,temperature,,,,24.0,OK,,,,,,,,,
2026-10-07T17:07:22.511051+00:00,,guardian_state,,,,,,MONITORING,True,24.0,,,,,,
2026-10-07T17:07:24.514934+00:00,1791392844512,temperature,,,,24.0,OK,,,,,,,,,
2026-10-07T17:07:24.516032+00:00,,guardian_state,,,,,,MONITORING,True,24.0,,,,,,
2026-10-07T17:07:26.520133+00:00,1791392846517,temperature,,,,24.0,OK,,,,,,,,,
2026-10-07T17:07:26.520928+00:00,,guardian_state,,,,,,MONITORING,True,24.0,,,,,,
2026-10-07T17:07:28.521866+00:00,1791392848518,temperature,,,,24.0,OK,,,,,,,,,
2026-10-07T17:07:28.522488+00:00,,guardian_state,,,,,,MONITORING,True,24.0,,,,,,
2026-10-07T17:07:30.528154+00:00,1791392850525,temperature,,,,24.0,OK,,,,,,,,,
2026-10-07T17:07:30.528895+00:00,,guardian_state,,,,,,MONITORING,True,24.0,,,,,,
2026-10-07T17:07:31.771720+00:00,1791392851769,child_presence,True,0.97,rear_center,,,,,,,,,,,
2026-10-07T17:07:31.772151+00:00,,guardian_state,,,,,,MONITORING,True,24.0,,,,,,
2026-10-07T17:07:32.529180+00:00,1791392852526,temperature,,,,24.0,OK,,,,,,,,,
2026-10-07T17:07:32.529699+00:00,,guardian_state,,,,,,MONITORING,True,24.0,,,,,,
2026-10-07T17:07:34.535802+00:00,1791392854533,temperature,,,,24.0,OK,,,,,,,,,
2026-10-07T17:07:34.536555+00:00,,guardian_state,,,,,,MONITORING,True,24.0,,,,,,
2026-10-07T17:07:36.538549+00:00,1791392856535,temperature,,,,24.0,OK,,,,,,,,,
2026-10-07T17:07:36.539521+00:00,,guardian_state,,,,,,MONITORING,True,24.0,,,,,,
2026-10-07T17:07:38.540906+00:00,1791392858537,temperature,,,,24.0,OK,,,,,,,,,
2026-10-07T17:07:38.541777+00:00,,guardian_state,,,,,,MONITORING,True,24.0,,,,,,
2026-10-07T17:07:40.545023+00:00,1791392860542,temperature,,,,24.0,OK,,,,,,,,,
2026-10-07T17:07:40.545756+00:00,,guardian_state,,,,,,MONITORING,True,24.0,,,,,,
2026-10-07T17:07:42.546159+00:00,1791392862544,temperature,,,,24.0,OK,,,,,,,,,
2026-10-07T17:07:42.546600+00:00,,guardian_state,,,,,,MONITORING,True,24.0,,,,,,
2026-10-07T17:07:43.774263+00:00,1791392863771,child_presence,True,0.97,rear_center,,,,,,,,,,,
2026-10-07T17:07:43.774682+00:00,,guardian_state,,,,,,MONITORING,True,24.0,,,,,,
2026-10-07T17:07:44.554610+00:00,1791392864551,temperature,,,,24.0,OK,,,,,,,,,
2026-10-07T17:07:44.555664+00:00,,guardian_state,,,,,,MONITORING,True,24.0,,,,,,
2026-10-07T17:07:46.559982+00:00,1791392866557,temperature,,,,24.0,OK,,,,,,,,,
2026-10-07T17:07:46.560680+00:00,,guardian_state,,,,,,MONITORING,True,24.0,,,,,,
2026-10-07T17:07:48.563419+00:00,1791392868561,temperature,,,,24.0,OK,,,,,,,,,
2026-10-07T17:07:48.563878+00:00,,guardian_state,,,,,,MONITORING,True,24.0,,,,,,
2026-10-07T17:07:50.567835+00:00,1791392870565,temperature,,,,24.0,OK,,,,,,,,,
2026-10-07T17:07:50.568319+00:00,,guardian_state,,,,,,MONITORING,True,24.0,,,,,,
2026-10-07T17:07:52.568729+00:00,1791392872566,temperature,,,,24.0,OK,,,,,,,,,
2026-10-07T17:07:52.569033+00:00,,guardian_state,,,,,,MONITORING,True,24.0,,,,,,
2026-10-07T17:07:54.571956+00:00,1791392874568,temperature,,,,24.0,OK,,,,,,,,,
2026-10-07T17:07:54.572703+00:00,,guardian_state,,,,,,MONITORING,True,24.0,,,,,,
2026-10-07T17:07:55.776139+00:00,1791392875773,child_presence,True,0.97,rear_center,,,,,,,,,,,
2026-10-07T17:07:55.776507+00:00,,guardian_state,,,,,,MONITORING,True,24.0,,,,,,
2026-10-07T17:07:56.575729+00:00,1791392876573,temperature,,,,24.0,OK,,,,,,,,,
2026-10-07T17:07:56.576287+00:00,,guardian_state,,,,,,MONITORING,True,24.0,,,,,,
2026-10-07T17:07:58.578477+00:00,1791392878576,temperature,,,,24.0,OK,,,,,,,,,
2026-10-07T17:07:58.578981+00:00,,guardian_state,,,,,,MONITORING,True,24.0,,,,,,
2026-10-07T17:08:00.598426+00:00,1791392880581,temperature,,,,24.0,OK,,,,,,,,,
2026-10-07T17:08:00.605158+00:00,,guardian_state,,,,,,MONITORING,True,24.0,,,,,,
2026-10-07T17:08:02.585351+00:00,1791392882583,temperature,,,,24.0,OK,,,,,,,,,
2026-10-07T17:08:02.585758+00:00,,guardian_state,,,,,,MONITORING,True,24.0,,,,,,
2026-10-07T17:08:04.588310+00:00,1791392884585,temperature,,,,24.0,OK,,,,,,,,,
2026-10-07T17:08:04.588974+00:00,,guardian_state,,,,,,MONITORING,True,24.0,,,,,,
2026-10-07T17:08:06.594898+00:00,1791392886592,temperature,,,,24.0,OK,,,,,,,,,
2026-10-07T17:08:06.595754+00:00,,guardian_state,,,,,,MONITORING,True,24.0,,,,,,
2026-10-07T17:08:07.777739+00:00,1791392887775,child_presence,True,0.97,rear_center,,,,,,,,,,,
2026-10-07T17:08:07.778140+00:00,,guardian_state,,,,,,MONITORING,True,24.0,,,,,,
2026-10-07T17:08:08.599518+00:00,1791392888596,temperature,,,,24.0,OK,,,,,,,,,
2026-10-07T17:08:08.600701+00:00,,guardian_state,,,,,,MONITORING,True,24.0,,,,,,
2026-10-07T17:08:10.603050+00:00,1791392890600,temperature,,,,24.0,OK,,,,,,,,,
2026-10-07T17:08:10.603671+00:00,,guardian_state,,,,,,MONITORING,True,24.0,,,,,,
2026-10-07T17:08:12.603580+00:00,1791392892602,temperature,,,,24.0,OK,,,,,,,,,
2026-10-07T17:08:12.603872+00:00,,guardian_state,,,,,,MONITORING,True,24.0,,,,,,
2026-10-07T17:08:14.604972+00:00,1791392894603,temperature,,,,24.0,OK,,,,,,,,,
2026-10-07T17:08:14.605502+00:00,,guardian_state,,,,,,MONITORING,True,24.0,,,,,,
2026-10-07T17:08:16.611065+00:00,1791392896608,temperature,,,,24.0,OK,,,,,,,,,
2026-10-07T17:08:16.612366+00:00,,guardian_state,,,,,,MONITORING,True,24.0,,,,,,
2026-10-07T17:08:18.616662+00:00,1791392898613,temperature,,,,24.0,OK,,,,,,,,,
2026-10-07T17:08:18.617247+00:00,,guardian_state,,,,,,MONITORING,True,24.0,,,,,,
2026-10-07T17:08:19.780817+00:00,1791392899778,child_presence,True,0.97,rear_center,,,,,,,,,,,
2026-10-07T17:08:19.781705+00:00,,guardian_state,,,,,,MONITORING,True,24.0,,,,,,
2026-10-07T17:08:20.617437+00:00,1791392900614,temperature,,,,24.0,OK,,,,,,,,,
2026-10-07T17:08:20.618309+00:00,,guardian_state,,,,,,MONITORING,True,24.0,,,,,,
2026-10-07T17:08:22.618571+00:00,1791392902616,temperature,,,,24.0,OK,,,,,,,,,
2026-10-07T17:08:22.619038+00:00,,guardian_state,,,,,,MONITORING,True,24.0,,,,,,
2026-10-07T17:08:24.620256+00:00,1791392904618,temperature,,,,24.0,OK,,,,,,,,,
2026-10-07T17:08:24.620699+00:00,,guardian_state,,,,,,MONITORING,True,24.0,,,,,,
2026-10-07T17:08:26.623319+00:00,1791392906619,temperature,,,,24.0,OK,,,,,,,,,
2026-10-07T17:08:26.624148+00:00,,guardian_state,,,,,,MONITORING,True,24.0,,,,,,
2026-10-07T17:08:28.623885+00:00,1791392908621,temperature,,,,24.0,OK,,,,,,,,,
2026-10-07T17:08:28.624431+00:00,,guardian_state,,,,,,MONITORING,True,24.0,,,,,,
2026-10-07T17:08:30.626714+00:00,1791392910623,temperature,,,,24.0,OK,,,,,,,,,
2026-10-07T17:08:30.627270+00:00,,guardian_state,,,,,,MONITORING,True,24.0,,,,,,
2026-10-07T17:08:31.783473+00:00,1791392911780,child_presence,True,0.97,rear_center,,,,,,,,,,,
2026-10-07T17:08:31.783854+00:00,,guardian_state,,,,,,MONITORING,True,24.0,,,,,,
2026-10-07T17:08:32.627016+00:00,1791392912625,temperature,,,,24.0,OK,,,,,,,,,
2026-10-07T17:08:32.627621+00:00,,guardian_state,,,,,,MONITORING,True,24.0,,,,,,
2026-10-07T17:08:34.628569+00:00,1791392914626,temperature,,,,24.0,OK,,,,,,,,,
2026-10-07T17:08:34.629044+00:00,,guardian_state,,,,,,MONITORING,True,24.0,,,,,,
2026-10-07T17:08:36.632103+00:00,1791392916630,temperature,,,,24.0,OK,,,,,,,,,
2026-10-07T17:08:36.634741+00:00,,guardian_state,,,,,,MONITORING,True,24.0,,,,,,
2026-10-07T17:08:38.633655+00:00,1791392918631,temperature,,,,24.0,OK,,,,,,,,,
2026-10-07T17:08:38.634361+00:00,,guardian_state,,,,,,MONITORING,True,24.0,,,,,,
2026-10-07T17:08:40.636249+00:00,1791392920633,temperature,,,,24.0,OK,,,,,,,,,
2026-10-07T17:08:40.637168+00:00,,guardian_state,,,,,,MONITORING,True,24.0,,,,,,
2026-10-07T17:08:42.638158+00:00,1791392922636,temperature,,,,24.0,OK,,,,,,,,,
2026-10-07T17:08:42.638452+00:00,,guardian_state,,,,,,MONITORING,True,24.0,,,,,,
2026-10-07T17:08:43.786400+00:00,1791392923783,child_presence,True,0.97,rear_center,,,,,,,,,,,
2026-10-07T17:08:43.787456+00:00,,guardian_state,,,,,,MONITORING,True,24.0,,,,,,
2026-10-07T17:08:44.642800+00:00,1791392924640,temperature,,,,24.0,OK,,,,,,,,,
2026-10-07T17:08:44.643459+00:00,,guardian_state,,,,,,MONITORING,True,24.0,,,,,,
2026-10-07T17:08:46.644886+00:00,1791392926642,temperature,,,,24.0,OK,,,,,,,,,
2026-10-07T17:08:46.645772+00:00,,guardian_state,,,,,,MONITORING,True,24.0,,,,,,
2026-10-07T17:08:48.647158+00:00,1791392928644,temperature,,,,24.0,OK,,,,,,,,,
2026-10-07T17:08:48.647922+00:00,,guardian_state,,,,,,MONITORING,True,24.0,,,,,,
2026-10-07T17:08:50.650229+00:00,1791392930647,temperature,,,,24.0,OK,,,,,,,,,
2026-10-07T17:08:50.651208+00:00,,guardian_state,,,,,,MONITORING,True,24.0,,,,,,
2026-10-07T17:08:52.656082+00:00,1791392932654,temperature,,,,24.0,OK,,,,,,,,,
2026-10-07T17:08:52.656486+00:00,,guardian_state,,,,,,MONITORING,True,24.0,,,,,,
2026-10-07T17:08:54.658678+00:00,1791392934656,temperature,,,,24.0,OK,,,,,,,,,
2026-10-07T17:08:54.659371+00:00,,guardian_state,,,,,,MONITORING,True,24.0,,,,,,
2026-10-07T17:08:55.792162+00:00,1791392935789,child_presence,True,0.97,rear_center,,,,,,,,,,,
2026-10-07T17:08:55.792974+00:00,,guardian_state,,,,,,MONITORING,True,24.0,,,,,,
2026-10-07T17:08:56.660935+00:00,1791392936658,temperature,,,,24.0,OK,,,,,,,,,
2026-10-07T17:08:56.661524+00:00,,guardian_state,,,,,,MONITORING,True,24.0,,,,,,
2026-10-07T17:08:58.661001+00:00,1791392938659,temperature,,,,24.0,OK,,,,,,,,,
2026-10-07T17:08:58.661517+00:00,,guardian_state,,,,,,MONITORING,True,24.0,,,,,,
2026-10-07T17:09:00.668510+00:00,1791392940665,temperature,,,,24.0,OK,,,,,,,,,
2026-10-07T17:09:00.669438+00:00,,guardian_state,,,,,,MONITORING,True,24.0,,,,,,
2026-10-07T17:09:02.670682+00:00,1791392942669,temperature,,,,24.0,OK,,,,,,,,,
2026-10-07T17:09:02.671069+00:00,,guardian_state,,,,,,MONITORING,True,24.0,,,,,,
2026-10-07T17:09:04.674402+00:00,1791392944671,temperature,,,,24.0,OK,,,,,,,,,
2026-10-07T17:09:04.675246+00:00,,guardian_state,,,,,,MONITORING,True,24.0,,,,,,
2026-10-07T17:09:06.676611+00:00,1791392946673,temperature,,,,24.0,OK,,,,,,,,,
2026-10-07T17:09:06.679366+00:00,,guardian_state,,,,,,MONITORING,True,24.0,,,,,,
2026-10-07T17:09:07.798426+00:00,1791392947795,child_presence,True,0.97,rear_center,,,,,,,,,,,
2026-10-07T17:09:07.799317+00:00,,guardian_state,,,,,,MONITORING,True,24.0,,,,,,
2026-10-07T17:09:08.678601+00:00,1791392948675,temperature,,,,24.0,OK,,,,,,,,,
2026-10-07T17:09:08.679430+00:00,,guardian_state,,,,,,MONITORING,True,24.0,,,,,,
2026-10-07T17:09:10.681827+00:00,1791392950679,temperature,,,,24.0,OK,,,,,,,,,
2026-10-07T17:09:10.682840+00:00,,guardian_state,,,,,,MONITORING,True,24.0,,,,,,
2026-10-07T17:09:12.682740+00:00,1791392952681,temperature,,,,24.0,OK,,,,,,,,,
2026-10-07T17:09:12.683074+00:00,,guardian_state,,,,,,MONITORING,True,24.0,,,,,,
2026-10-07T17:09:14.686321+00:00,1791392954683,temperature,,,,24.0,OK,,,,,,,,,
2026-10-07T17:09:14.687274+00:00,,guardian_state,,,,,,MONITORING,True,24.0,,,,,,
2026-10-07T17:09:16.688282+00:00,1791392956685,temperature,,,,24.0,OK,,,,,,,,,
2026-10-07T17:09:16.689274+00:00,,guardian_state,,,,,,MONITORING,True,24.0,,,,,,
2026-10-07T17:09:18.690577+00:00,1791392958687,temperature,,,,24.0,OK,,,,,,,,,
2026-10-07T17:09:18.691732+00:00,,guardian_state,,,,,,MONITORING,True,24.0,,,,,,
2026-10-07T17:09:19.800064+00:00,1791392959797,child_presence,True,0.97,rear_center,,,,,,,,,,,
2026-10-07T17:09:19.800883+00:00,,guardian_state,,,,,,MONITORING,True,24.0,,,,,,
2026-10-07T17:09:20.694689+00:00,1791392960691,temperature,,,,24.0,OK,,,,,,,,,
2026-10-07T17:09:20.695702+00:00,,guardian_state,,,,,,MONITORING,True,24.0,,,,,,
2026-10-07T17:09:22.695292+00:00,1791392962693,temperature,,,,24.0,OK,,,,,,,,,
2026-10-07T17:09:22.695672+00:00,,guardian_state,,,,,,MONITORING,True,24.0,,,,,,
2026-10-07T17:09:24.698936+00:00,1791392964695,temperature,,,,24.0,OK,,,,,,,,,
2026-10-07T17:09:24.699910+00:00,,guardian_state,,,,,,MONITORING,True,24.0,,,,,,
2026-10-07T17:09:26.700689+00:00,1791392966697,temperature,,,,24.0,OK,,,,,,,,,
2026-10-07T17:09:26.701469+00:00,,guardian_state,,,,,,MONITORING,True,24.0,,,,,,
2026-10-07T17:09:28.707601+00:00,1791392968704,temperature,,,,24.0,OK,,,,,,,,,
2026-10-07T17:09:28.708445+00:00,,guardian_state,,,,,,MONITORING,True,24.0,,,,,,
2026-10-07T17:09:30.712095+00:00,1791392970708,temperature,,,,24.0,OK,,,,,,,,,
2026-10-07T17:09:30.713046+00:00,,guardian_state,,,,,,MONITORING,True,24.0,,,,,,
2026-10-07T17:09:31.806379+00:00,1791392971803,child_presence,True,0.97,rear_center,,,,,,,,,,,
2026-10-07T17:09:31.806787+00:00,,guardian_state,,,,,,MONITORING,True,24.0,,,,,,
2026-10-07T17:09:32.715346+00:00,1791392972713,temperature,,,,24.0,OK,,,,,,,,,
2026-10-07T17:09:32.715756+00:00,,guardian_state,,,,,,MONITORING,True,24.0,,,,,,
2026-10-07T17:09:34.720587+00:00,1791392974717,temperature,,,,24.0,OK,,,,,,,,,
2026-10-07T17:09:34.721518+00:00,,guardian_state,,,,,,MONITORING,True,24.0,,,,,,
2026-10-07T17:09:36.724339+00:00,1791392976720,temperature,,,,24.0,OK,,,,,,,,,
2026-10-07T17:09:36.725161+00:00,,guardian_state,,,,,,MONITORING,True,24.0,,,,,,
2026-10-07T17:09:38.725948+00:00,1791392978722,temperature,,,,24.0,OK,,,,,,,,,
2026-10-07T17:09:38.728782+00:00,,guardian_state,,,,,,MONITORING,True,24.0,,,,,,
2026-10-07T17:09:40.728116+00:00,1791392980724,temperature,,,,24.0,OK,,,,,,,,,
2026-10-07T17:09:40.728881+00:00,,guardian_state,,,,,,MONITORING,True,24.0,,,,,,
2026-10-07T17:09:42.730423+00:00,1791392982728,temperature,,,,24.0,OK,,,,,,,,,
2026-10-07T17:09:42.730825+00:00,,guardian_state,,,,,,MONITORING,True,24.0,,,,,,
2026-10-07T17:09:43.807286+00:00,1791392983804,child_presence,True,0.97,rear_center,,,,,,,,,,,
2026-10-07T17:09:43.808060+00:00,,guardian_state,,,,,,MONITORING,True,24.0,,,,,,
2026-10-07T17:09:44.734857+00:00,1791392984731,temperature,,,,24.0,OK,,,,,,,,,
2026-10-07T17:09:44.735590+00:00,,guardian_state,,,,,,MONITORING,True,24.0,,,,,,
2026-10-07T17:09:46.738432+00:00,1791392986735,temperature,,,,24.0,OK,,,,,,,,,
2026-10-07T17:09:46.739266+00:00,,guardian_state,,,,,,MONITORING,True,24.0,,,,,,
2026-10-07T17:09:48.738958+00:00,1791392988736,temperature,,,,24.0,OK,,,,,,,,,
2026-10-07T17:09:48.739751+00:00,,guardian_state,,,,,,MONITORING,True,24.0,,,,,,
2026-10-07T17:09:50.742744+00:00,1791392990739,temperature,,,,24.0,OK,,,,,,,,,
2026-10-07T17:09:50.743836+00:00,,guardian_state,,,,,,MONITORING,True,24.0,,,,,,
2026-10-07T17:09:52.743862+00:00,1791392992741,temperature,,,,24.0,OK,,,,,,,,,
2026-10-07T17:09:52.744394+00:00,,guardian_state,,,,,,MONITORING,True,24.0,,,,,,
2026-10-07T17:09:54.749225+00:00,1791392994746,temperature,,,,24.0,OK,,,,,,,,,
2026-10-07T17:09:54.750402+00:00,,guardian_state,,,,,,MONITORING,True,24.0,,,,,,
2026-10-07T17:09:55.814676+00:00,1791392995811,child_presence,True,0.97,rear_center,,,,,,,,,,,
2026-10-07T17:09:55.815557+00:00,,guardian_state,,,,,,MONITORING,True,24.0,,,,,,
2026-10-07T17:09:56.753672+00:00,1791392996750,temperature,,,,24.0,OK,,,,,,,,,
2026-10-07T17:09:56.754480+00:00,,guardian_state,,,,,,MONITORING,True,24.0,,,,,,
2026-10-07T17:09:58.756538+00:00,1791392998754,temperature,,,,24.0,OK,,,,,,,,,
2026-10-07T17:09:58.757220+00:00,,guardian_state,,,,,,MONITORING,True,24.0,,,,,,
2026-10-07T17:10:00.758747+00:00,1791393000755,temperature,,,,24.0,OK,,,,,,,,,
2026-10-07T17:10:00.760500+00:00,,guardian_state,,,,,,MONITORING,True,24.0,,,,,,
2026-10-07T17:10:02.758712+00:00,1791393002756,temperature,,,,24.0,OK,,,,,,,,,
2026-10-07T17:10:02.759164+00:00,,guardian_state,,,,,,MONITORING,True,24.0,,,,,,
2026-10-07T17:10:04.764379+00:00,1791393004761,temperature,,,,24.0,OK,,,,,,,,,
2026-10-07T17:10:04.765400+00:00,,guardian_state,,,,,,MONITORING,True,24.0,,,,,,
2026-10-07T17:10:06.767880+00:00,1791393006765,temperature,,,,24.0,OK,,,,,,,,,
2026-10-07T17:10:06.768735+00:00,,guardian_state,,,,,,MONITORING,True,24.0,,,,,,
2026-10-07T17:10:07.816073+00:00,1791393007813,child_presence,True,0.97,rear_center,,,,,,,,,,,
2026-10-07T17:10:07.816936+00:00,,guardian_state,,,,,,MONITORING,True,24.0,,,,,,
2026-10-07T17:10:08.772727+00:00,1791393008770,temperature,,,,24.0,OK,,,,,,,,,
2026-10-07T17:10:08.773522+00:00,,guardian_state,,,,,,MONITORING,True,24.0,,,,,,
2026-10-07T17:10:10.775927+00:00,1791393010773,temperature,,,,24.0,OK,,,,,,,,,
2026-10-07T17:10:10.776914+00:00,,guardian_state,,,,,,MONITORING,True,24.0,,,,,,
2026-10-07T17:10:12.780494+00:00,1791393012778,temperature,,,,24.0,OK,,,,,,,,,
2026-10-07T17:10:12.781092+00:00,,guardian_state,,,,,,MONITORING,True,24.0,,,,,,
2026-10-07T17:10:14.783862+00:00,1791393014781,temperature,,,,24.0,OK,,,,,,,,,
2026-10-07T17:10:14.784708+00:00,,guardian_state,,,,,,MONITORING,True,24.0,,,,,,
2026-10-07T17:10:16.788027+00:00,1791393016785,temperature,,,,24.0,OK,,,,,,,,,
2026-10-07T17:10:16.788874+00:00,,guardian_state,,,,,,MONITORING,True,24.0,,,,,,
2026-10-07T17:10:18.789670+00:00,1791393018786,temperature,,,,24.0,OK,,,,,,,,,
2026-10-07T17:10:18.790314+00:00,,guardian_state,,,,,,MONITORING,True,24.0,,,,,,
2026-10-07T17:10:19.817250+00:00,1791393019814,child_presence,True,0.97,rear_center,,,,,,,,,,,
2026-10-07T17:10:19.817958+00:00,,guardian_state,,,,,,MONITORING,True,24.0,,,,,,
2026-10-07T17:10:20.791181+00:00,1791393020787,temperature,,,,24.0,OK,,,,,,,,,
2026-10-07T17:10:20.792060+00:00,,guardian_state,,,,,,MONITORING,True,24.0,,,,,,
2026-10-07T17:10:22.792706+00:00,1791393022790,temperature,,,,24.0,OK,,,,,,,,,
2026-10-07T17:10:22.793396+00:00,,guardian_state,,,,,,MONITORING,True,24.0,,,,,,
2026-10-07T17:10:24.797708+00:00,1791393024794,temperature,,,,24.0,OK,,,,,,,,,
2026-10-07T17:10:24.798591+00:00,,guardian_state,,,,,,MONITORING,True,24.0,,,,,,
2026-10-07T17:10:26.802679+00:00,1791393026799,temperature,,,,24.0,OK,,,,,,,,,
2026-10-07T17:10:26.803525+00:00,,guardian_state,,,,,,MONITORING,True,24.0,,,,,,
2026-10-07T17:10:28.804286+00:00,1791393028801,temperature,,,,24.0,OK,,,,,,,,,
2026-10-07T17:10:28.805115+00:00,,guardian_state,,,,,,MONITORING,True,24.0,,,,,,
2026-10-07T17:10:30.810819+00:00,1791393030807,temperature,,,,24.0,OK,,,,,,,,,
2026-10-07T17:10:30.811527+00:00,,guardian_state,,,,,,MONITORING,True,24.0,,,,,,
2026-10-07T17:10:31.821962+00:00,1791393031819,child_presence,True,0.97,rear_center,,,,,,,,,,,
2026-10-07T17:10:31.822587+00:00,,guardian_state,,,,,,MONITORING,True,24.0,,,,,,
2026-10-07T17:10:32.812059+00:00,1791393032809,temperature,,,,24.0,OK,,,,,,,,,
2026-10-07T17:10:32.813360+00:00,,guardian_state,,,,,,MONITORING,True,24.0,,,,,,
2026-10-07T17:10:34.817290+00:00,1791393034814,temperature,,,,24.0,OK,,,,,,,,,
2026-10-07T17:10:34.818083+00:00,,guardian_state,,,,,,MONITORING,True,24.0,,,,,,
2026-10-07T17:10:36.820665+00:00,1791393036817,temperature,,,,24.0,OK,,,,,,,,,
2026-10-07T17:10:36.821255+00:00,,guardian_state,,,,,,MONITORING,True,24.0,,,,,,
2026-10-07T17:10:38.822147+00:00,1791393038819,temperature,,,,24.0,OK,,,,,,,,,
2026-10-07T17:10:38.822821+00:00,,guardian_state,,,,,,MONITORING,True,24.0,,,,,,
2026-10-07T17:10:40.829339+00:00,1791393040826,temperature,,,,24.0,OK,,,,,,,,,
2026-10-07T17:10:40.830262+00:00,,guardian_state,,,,,,MONITORING,True,24.0,,,,,,
2026-10-07T17:10:42.833057+00:00,1791393042829,temperature,,,,24.0,OK,,,,,,,,,
2026-10-07T17:10:42.833767+00:00,,guardian_state,,,,,,MONITORING,True,24.0,,,,,,
2026-10-07T17:10:43.824161+00:00,1791393043821,child_presence,True,0.97,rear_center,,,,,,,,,,,
2026-10-07T17:10:43.824858+00:00,,guardian_state,,,,,,MONITORING,True,24.0,,,,,,
2026-10-07T17:10:44.838732+00:00,1791393044836,temperature,,,,24.0,OK,,,,,,,,,
2026-10-07T17:10:44.839506+00:00,,guardian_state,,,,,,MONITORING,True,24.0,,,,,,
2026-10-07T17:10:46.840429+00:00,1791393046838,temperature,,,,24.0,OK,,,,,,,,,
2026-10-07T17:10:46.841067+00:00,,guardian_state,,,,,,MONITORING,True,24.0,,,,,,
2026-10-07T17:10:48.843767+00:00,1791393048841,temperature,,,,24.0,OK,,,,,,,,,
2026-10-07T17:10:48.844427+00:00,,guardian_state,,,,,,MONITORING,True,24.0,,,,,,
2026-10-07T17:10:50.848451+00:00,1791393050844,temperature,,,,24.0,OK,,,,,,,,,
2026-10-07T17:10:50.849443+00:00,,guardian_state,,,,,,MONITORING,True,24.0,,,,,,
2026-10-07T17:10:52.851922+00:00,1791393052848,temperature,,,,24.0,OK,,,,,,,,,
2026-10-07T17:10:52.852946+00:00,,guardian_state,,,,,,MONITORING,True,24.0,,,,,,
2026-10-07T17:10:54.855347+00:00,1791393054851,temperature,,,,24.0,OK,,,,,,,,,
2026-10-07T17:10:54.856308+00:00,,guardian_state,,,,,,MONITORING,True,24.0,,,,,,
2026-10-07T17:10:55.830296+00:00,1791393055827,child_presence,True,0.97,rear_center,,,,,,,,,,,
2026-10-07T17:10:55.831076+00:00,,guardian_state,,,,,,MONITORING,True,24.0,,,,,,
2026-10-07T17:10:56.858556+00:00,1791393056855,temperature,,,,24.0,OK,,,,,,,,,
2026-10-07T17:10:56.858914+00:00,,guardian_state,,,,,,MONITORING,True,24.0,,,,,,
2026-10-07T17:10:58.874630+00:00,1791393058856,temperature,,,,24.0,OK,,,,,,,,,
2026-10-07T17:10:58.875265+00:00,,guardian_state,,,,,,MONITORING,True,24.0,,,,,,
2026-10-07T17:11:23.258930+00:00,1791393060860,temperature,,,,24.0,OK,,,,,,,,,
2026-10-07T17:11:23.259706+00:00,,guardian_state,,,,,,MONITORING,True,24.0,,,,,,
2026-10-07T17:11:25.265975+00:00,1791393062867,temperature,,,,24.0,OK,,,,,,,,,
2026-10-07T17:11:25.266855+00:00,,guardian_state,,,,,,MONITORING,True,24.0,,,,,,
2026-10-07T17:11:27.269287+00:00,1791393064871,temperature,,,,24.0,OK,,,,,,,,,
2026-10-07T17:11:27.269750+00:00,,guardian_state,,,,,,MONITORING,True,24.0,,,,,,
2026-10-07T17:11:29.271481+00:00,1791393066872,temperature,,,,24.0,OK,,,,,,,,,
2026-10-07T17:11:29.271821+00:00,,guardian_state,,,,,,MONITORING,True,24.0,,,,,,
2026-10-07T17:11:30.228466+00:00,1791393067829,child_presence,True,0.97,rear_center,,,,,,,,,,,
2026-10-07T17:11:30.229100+00:00,,guardian_state,,,,,,MONITORING,True,24.0,,,,,,
2026-10-07T17:11:31.277824+00:00,1791393068878,temperature,,,,24.0,OK,,,,,,,,,
2026-10-07T17:11:31.278553+00:00,,guardian_state,,,,,,MONITORING,True,24.0,,,,,,
2026-10-07T17:11:33.279168+00:00,1791393070880,temperature,,,,24.0,OK,,,,,,,,,
2026-10-07T17:11:33.280256+00:00,,guardian_state,,,,,,MONITORING,True,24.0,,,,,,
2026-10-07T17:11:35.289948+00:00,1791393072891,temperature,,,,24.0,OK,,,,,,,,,
2026-10-07T17:11:35.290670+00:00,,guardian_state,,,,,,MONITORING,True,24.0,,,,,,
2026-10-07T17:11:37.292711+00:00,1791393074893,temperature,,,,24.0,OK,,,,,,,,,
2026-10-07T17:11:37.293551+00:00,,guardian_state,,,,,,MONITORING,True,24.0,,,,,,
2026-10-07T17:11:39.294654+00:00,1791393076896,temperature,,,,24.0,OK,,,,,,,,,
2026-10-07T17:11:39.295016+00:00,,guardian_state,,,,,,MONITORING,True,24.0,,,,,,
2026-10-07T17:11:41.300709+00:00,1791393078902,temperature,,,,24.0,OK,,,,,,,,,
2026-10-07T17:11:41.301500+00:00,,guardian_state,,,,,,MONITORING,True,24.0,,,,,,
2026-10-07T17:11:42.234070+00:00,1791393079835,child_presence,True,0.97,rear_center,,,,,,,,,,,
2026-10-07T17:11:42.234917+00:00,,guardian_state,,,,,,MONITORING,True,24.0,,,,,,
2026-10-07T17:11:43.303245+00:00,1791393103300,temperature,,,,24.0,OK,,,,,,,,,
2026-10-07T17:11:43.304063+00:00,,guardian_state,,,,,,MONITORING,True,24.0,,,,,,
2026-10-07T17:11:45.308379+00:00,1791393105305,temperature,,,,24.0,OK,,,,,,,,,
2026-10-07T17:11:45.309095+00:00,,guardian_state,,,,,,MONITORING,True,24.0,,,,,,
2026-10-07T17:11:47.312742+00:00,1791393107309,temperature,,,,24.0,OK,,,,,,,,,
2026-10-07T17:11:47.313402+00:00,,guardian_state,,,,,,MONITORING,True,24.0,,,,,,
2026-10-07T17:11:49.315446+00:00,1791393109312,temperature,,,,24.0,OK,,,,,,,,,
2026-10-07T17:11:49.315845+00:00,,guardian_state,,,,,,MONITORING,True,24.0,,,,,,
2026-10-07T17:11:51.319171+00:00,1791393111316,temperature,,,,24.0,OK,,,,,,,,,
2026-10-07T17:11:51.319940+00:00,,guardian_state,,,,,,MONITORING,True,24.0,,,,,,
2026-10-07T17:11:53.321506+00:00,1791393113318,temperature,,,,24.0,OK,,,,,,,,,
2026-10-07T17:11:53.322283+00:00,,guardian_state,,,,,,MONITORING,True,24.0,,,,,,
2026-10-07T17:11:54.236904+00:00,1791393114234,child_presence,True,0.97,rear_center,,,,,,,,,,,
2026-10-07T17:11:54.237253+00:00,,guardian_state,,,,,,MONITORING,True,24.0,,,,,,
2026-10-07T17:11:55.326836+00:00,1791393115323,temperature,,,,24.0,OK,,,,,,,,,
2026-10-07T17:11:55.327703+00:00,,guardian_state,,,,,,MONITORING,True,24.0,,,,,,
2026-10-07T17:11:57.328537+00:00,1791393117325,temperature,,,,24.0,OK,,,,,,,,,
2026-10-07T17:11:57.329259+00:00,,guardian_state,,,,,,MONITORING,True,24.0,,,,,,
2026-10-07T17:11:59.338969+00:00,1791393119335,temperature,,,,24.0,OK,,,,,,,,,
2026-10-07T17:11:59.340457+00:00,,guardian_state,,,,,,MONITORING,True,24.0,,,,,,
2026-10-07T17:12:01.349430+00:00,1791393121346,temperature,,,,24.0,OK,,,,,,,,,
2026-10-07T17:12:01.350259+00:00,,guardian_state,,,,,,MONITORING,True,24.0,,,,,,
2026-10-07T17:12:03.355568+00:00,1791393123352,temperature,,,,24.0,OK,,,,,,,,,
2026-10-07T17:12:03.356410+00:00,,guardian_state,,,,,,MONITORING,True,24.0,,,,,,
2026-10-07T17:12:05.361501+00:00,1791393125358,temperature,,,,24.0,OK,,,,,,,,,
2026-10-07T17:12:05.362304+00:00,,guardian_state,,,,,,MONITORING,True,24.0,,,,,,
2026-10-07T17:12:06.241273+00:00,1791393126238,child_presence,True,0.97,rear_center,,,,,,,,,,,
2026-10-07T17:12:06.242158+00:00,,guardian_state,,,,,,MONITORING,True,24.0,,,,,,
2026-10-07T17:12:07.362614+00:00,1791393127359,temperature,,,,24.0,OK,,,,,,,,,
2026-10-07T17:12:07.363479+00:00,,guardian_state,,,,,,MONITORING,True,24.0,,,,,,
2026-10-07T17:12:09.367080+00:00,1791393129364,temperature,,,,24.0,OK,,,,,,,,,
2026-10-07T17:12:09.367817+00:00,,guardian_state,,,,,,MONITORING,True,24.0,,,,,,
2026-10-07T17:17:24.267506+00:00,1791393131368,temperature,,,,24.0,OK,,,,,,,,,
2026-10-07T17:17:24.267972+00:00,,guardian_state,,,,,,MONITORING,True,24.0,,,,,,
2026-10-07T17:17:26.276014+00:00,1791393446272,temperature,,,,24.0,OK,,,,,,,,,
2026-10-07T17:17:26.277430+00:00,,guardian_state,,,,,,MONITORING,True,24.0,,,,,,
2026-10-07T17:17:28.277675+00:00,1791393448274,temperature,,,,24.0,OK,,,,,,,,,
2026-10-07T17:17:28.278585+00:00,,guardian_state,,,,,,MONITORING,True,24.0,,,,,,
2026-10-07T17:17:30.284602+00:00,1791393450281,temperature,,,,24.0,OK,,,,,,,,,
2026-10-07T17:17:30.285310+00:00,,guardian_state,,,,,,MONITORING,True,24.0,,,,,,
2026-10-07T17:17:31.146125+00:00,1791393451143,child_presence,True,0.97,rear_center,,,,,,,,,,,
2026-10-07T17:17:31.146823+00:00,,guardian_state,,,,,,MONITORING,True,24.0,,,,,,
2026-10-07T17:17:32.286083+00:00,1791393452283,temperature,,,,24.0,OK,,,,,,,,,
2026-10-07T17:17:32.287047+00:00,,guardian_state,,,,,,MONITORING,True,24.0,,,,,,
2026-10-07T17:17:34.287859+00:00,1791393454285,temperature,,,,24.0,OK,,,,,,,,,
2026-10-07T17:17:34.288264+00:00,,guardian_state,,,,,,MONITORING,True,24.0,,,,,,
2026-10-07T17:17:36.296846+00:00,1791393456294,temperature,,,,24.0,OK,,,,,,,,,
2026-10-07T17:17:36.297818+00:00,,guardian_state,,,,,,MONITORING,True,24.0,,,,,,
2026-10-07T17:17:38.307100+00:00,1791393458304,temperature,,,,24.0,OK,,,,,,,,,
2026-10-07T17:17:38.307828+00:00,,guardian_state,,,,,,MONITORING,True,24.0,,,,,,
2026-10-07T17:17:40.312972+00:00,1791393460310,temperature,,,,24.0,OK,,,,,,,,,
2026-10-07T17:17:40.313794+00:00,,guardian_state,,,,,,MONITORING,True,24.0,,,,,,
2026-10-07T17:17:42.318406+00:00,1791393462315,temperature,,,,24.0,OK,,,,,,,,,
2026-10-07T17:17:42.319235+00:00,,guardian_state,,,,,,MONITORING,True,24.0,,,,,,
2026-10-07T17:17:43.157965+00:00,1791393463155,child_presence,True,0.97,rear_center,,,,,,,,,,,
2026-10-07T17:17:43.158705+00:00,,guardian_state,,,,,,MONITORING,True,24.0,,,,,,
2026-10-07T17:17:44.325385+00:00,1791393464322,temperature,,,,24.0,OK,,,,,,,,,
2026-10-07T17:17:44.325774+00:00,,guardian_state,,,,,,MONITORING,True,24.0,,,,,,
2026-10-07T17:17:46.326956+00:00,1791393466324,temperature,,,,24.0,OK,,,,,,,,,
2026-10-07T17:17:46.327963+00:00,,guardian_state,,,,,,MONITORING,True,24.0,,,,,,
2026-10-07T17:17:48.335225+00:00,1791393468332,temperature,,,,24.0,OK,,,,,,,,,
2026-10-07T17:17:48.335957+00:00,,guardian_state,,,,,,MONITORING,True,24.0,,,,,,
2026-10-07T17:17:50.338357+00:00,1791393470335,temperature,,,,24.0,OK,,,,,,,,,
2026-10-07T17:17:50.339076+00:00,,guardian_state,,,,,,MONITORING,True,24.0,,,,,,
2026-10-07T17:17:52.341067+00:00,1791393472338,temperature,,,,24.0,OK,,,,,,,,,
2026-10-07T17:17:52.341869+00:00,,guardian_state,,,,,,MONITORING,True,24.0,,,,,,
2026-10-07T17:17:54.352497+00:00,1791393474350,temperature,,,,24.0,OK,,,,,,,,,
2026-10-07T17:17:54.353177+00:00,,guardian_state,,,,,,MONITORING,True,24.0,,,,,,
2026-10-07T17:17:55.167163+00:00,1791393475164,child_presence,True,0.97,rear_center,,,,,,,,,,,
2026-10-07T17:17:55.167934+00:00,,guardian_state,,,,,,MONITORING,True,24.0,,,,,,
2026-10-07T17:17:56.357564+00:00,1791393476354,temperature,,,,24.0,OK,,,,,,,,,
2026-10-07T17:17:56.358531+00:00,,guardian_state,,,,,,MONITORING,True,24.0,,,,,,
2026-10-07T17:17:58.366910+00:00,1791393478364,temperature,,,,24.0,OK,,,,,,,,,
2026-10-07T17:17:58.367781+00:00,,guardian_state,,,,,,MONITORING,True,24.0,,,,,,
2026-10-07T17:18:00.369194+00:00,1791393480366,temperature,,,,24.0,OK,,,,,,,,,
2026-10-07T17:18:00.369969+00:00,,guardian_state,,,,,,MONITORING,True,24.0,,,,,,
2026-10-07T17:18:02.370836+00:00,1791393482368,temperature,,,,24.0,OK,,,,,,,,,
2026-10-07T17:18:02.372351+00:00,,guardian_state,,,,,,MONITORING,True,24.0,,,,,,
2026-10-07T17:18:04.381165+00:00,1791393484378,temperature,,,,24.0,OK,,,,,,,,,
2026-10-07T17:18:04.382034+00:00,,guardian_state,,,,,,MONITORING,True,24.0,,,,,,
2026-10-07T17:18:06.392721+00:00,1791393486390,temperature,,,,24.0,OK,,,,,,,,,
2026-10-07T17:18:06.393564+00:00,,guardian_state,,,,,,MONITORING,True,24.0,,,,,,
2026-10-07T17:18:07.174640+00:00,1791393487171,child_presence,True,0.97,rear_center,,,,,,,,,,,
2026-10-07T17:18:07.175447+00:00,,guardian_state,,,,,,MONITORING,True,24.0,,,,,,
2026-10-07T17:18:08.396585+00:00,1791393488393,temperature,,,,24.0,OK,,,,,,,,,
2026-10-07T17:18:08.397376+00:00,,guardian_state,,,,,,MONITORING,True,24.0,,,,,,
2026-10-07T17:35:38.002260+00:00,1791393490397,temperature,,,,24.0,OK,,,,,,,,,
2026-10-07T17:35:38.002894+00:00,,guardian_state,,,,,,MONITORING,True,24.0,,,,,,
2026-10-07T17:35:40.008055+00:00,1791393492403,temperature,,,,24.0,OK,,,,,,,,,
2026-10-07T17:35:40.008944+00:00,,guardian_state,,,,,,MONITORING,True,24.0,,,,,,
2026-10-07T17:35:42.012466+00:00,1791393494407,temperature,,,,24.0,OK,,,,,,,,,
2026-10-07T17:35:42.013166+00:00,,guardian_state,,,,,,MONITORING,True,24.0,,,,,,
2026-10-07T17:35:44.024442+00:00,1791393496420,temperature,,,,24.0,OK,,,,,,,,,
2026-10-07T17:35:44.024846+00:00,,guardian_state,,,,,,MONITORING,True,24.0,,,,,,
2026-10-07T17:35:46.028798+00:00,1791393498424,temperature,,,,24.0,OK,,,,,,,,,
2026-10-07T17:35:46.029551+00:00,,guardian_state,,,,,,MONITORING,True,24.0,,,,,,
2026-10-07T17:35:46.781780+00:00,1791393499177,child_presence,True,0.97,rear_center,,,,,,,,,,,
2026-10-07T17:35:46.782614+00:00,,guardian_state,,,,,,MONITORING,True,24.0,,,,,,
2026-10-07T17:35:48.034530+00:00,1791393500429,temperature,,,,24.0,OK,,,,,,,,,
2026-10-07T17:35:48.035328+00:00,,guardian_state,,,,,,MONITORING,True,24.0,,,,,,
2026-10-07T17:35:50.043163+00:00,1791393502438,temperature,,,,24.0,OK,,,,,,,,,
2026-10-07T17:35:50.044056+00:00,,guardian_state,,,,,,MONITORING,True,24.0,,,,,,
2026-10-07T17:35:52.051924+00:00,1791393504447,temperature,,,,24.0,OK,,,,,,,,,
2026-10-07T17:35:52.052989+00:00,,guardian_state,,,,,,MONITORING,True,24.0,,,,,,
2026-10-07T17:35:54.059451+00:00,1791394554056,temperature,,,,24.0,OK,,,,,,,,,
2026-10-07T17:35:54.059826+00:00,,guardian_state,,,,,,MONITORING,True,24.0,,,,,,
2026-10-07T17:35:56.066156+00:00,1791394556063,temperature,,,,24.0,OK,,,,,,,,,
2026-10-07T17:35:56.067071+00:00,,guardian_state,,,,,,MONITORING,True,24.0,,,,,,
2026-10-07T17:35:58.071519+00:00,1791394558068,temperature,,,,24.0,OK,,,,,,,,,
2026-10-07T17:35:58.072433+00:00,,guardian_state,,,,,,MONITORING,True,24.0,,,,,,
2026-10-07T17:35:58.790689+00:00,1791394558788,child_presence,True,0.97,rear_center,,,,,,,,,,,
2026-10-07T17:35:58.791300+00:00,,guardian_state,,,,,,MONITORING,True,24.0,,,,,,
2026-10-07T17:36:00.075069+00:00,1791394560072,temperature,,,,24.0,OK,,,,,,,,,
2026-10-07T17:36:00.075909+00:00,,guardian_state,,,,,,MONITORING,True,24.0,,,,,,
2026-10-07T17:36:02.075975+00:00,1791394562073,temperature,,,,24.0,OK,,,,,,,,,
2026-10-07T17:36:02.076811+00:00,,guardian_state,,,,,,MONITORING,True,24.0,,,,,,
2026-10-07T17:36:04.086521+00:00,1791394564084,temperature,,,,24.0,OK,,,,,,,,,
2026-10-07T17:36:04.086909+00:00,,guardian_state,,,,,,MONITORING,True,24.0,,,,,,
2026-10-07T17:36:06.096317+00:00,1791394566093,temperature,,,,24.0,OK,,,,,,,,,
2026-10-07T17:36:06.097204+00:00,,guardian_state,,,,,,MONITORING,True,24.0,,,,,,
2026-10-07T17:36:08.103262+00:00,1791394568100,temperature,,,,24.0,OK,,,,,,,,,
2026-10-07T17:36:08.104078+00:00,,guardian_state,,,,,,MONITORING,True,24.0,,,,,,
2026-10-07T17:36:10.106558+00:00,1791394570103,temperature,,,,24.0,OK,,,,,,,,,
2026-10-07T17:36:10.107340+00:00,,guardian_state,,,,,,MONITORING,True,24.0,,,,,,
2026-10-07T17:36:10.792111+00:00,1791394570789,child_presence,True,0.97,rear_center,,,,,,,,,,,
2026-10-07T17:36:10.792788+00:00,,guardian_state,,,,,,MONITORING,True,24.0,,,,,,
2026-10-07T17:36:12.116783+00:00,1791394572114,temperature,,,,24.0,OK,,,,,,,,,
2026-10-07T17:36:12.117630+00:00,,guardian_state,,,,,,MONITORING,True,24.0,,,,,,
2026-10-07T17:36:14.123435+00:00,1791394574120,temperature,,,,24.0,OK,,,,,,,,,
2026-10-07T17:36:14.124183+00:00,,guardian_state,,,,,,MONITORING,True,24.0,,,,,,
2026-10-07T17:36:16.128366+00:00,1791394576125,temperature,,,,24.0,OK,,,,,,,,,
2026-10-07T17:36:16.129116+00:00,,guardian_state,,,,,,MONITORING,True,24.0,,,,,,
2026-10-07T17:36:18.139965+00:00,1791394578137,temperature,,,,24.0,OK,,,,,,,,,
2026-10-07T17:36:18.140665+00:00,,guardian_state,,,,,,MONITORING,True,24.0,,,,,,
2026-10-07T17:36:20.150404+00:00,1791394580147,temperature,,,,24.0,OK,,,,,,,,,
2026-10-07T17:36:20.151259+00:00,,guardian_state,,,,,,MONITORING,True,24.0,,,,,,
2026-10-07T17:36:22.159635+00:00,1791394582156,temperature,,,,24.0,OK,,,,,,,,,
2026-10-07T17:36:22.160405+00:00,,guardian_state,,,,,,MONITORING,True,24.0,,,,,,
2026-10-07T17:36:22.794475+00:00,1791394582792,child_presence,True,0.97,rear_center,,,,,,,,,,,
2026-10-07T17:36:22.795155+00:00,,guardian_state,,,,,,MONITORING,True,24.0,,,,,,
2026-10-07T17:36:24.160803+00:00,1791394584157,temperature,,,,24.0,OK,,,,,,,,,
2026-10-07T17:36:24.161621+00:00,,guardian_state,,,,,,MONITORING,True,24.0,,,,,,
2026-10-07T17:38:49.394418+00:00,1791394586160,temperature,,,,24.0,OK,,,,,,,,,
2026-10-07T17:38:49.394686+00:00,,guardian_state,,,,,,MONITORING,True,24.0,,,,,,
2026-10-07T17:38:51.398156+00:00,1791394588163,temperature,,,,24.0,OK,,,,,,,,,
2026-10-07T17:38:51.398700+00:00,,guardian_state,,,,,,MONITORING,True,24.0,,,,,,
2026-10-07T17:38:53.399400+00:00,1791394590164,temperature,,,,24.0,OK,,,,,,,,,
2026-10-07T17:38:53.400217+00:00,,guardian_state,,,,,,MONITORING,True,24.0,,,,,,
2026-10-07T17:38:55.402725+00:00,1791394592168,temperature,,,,24.0,OK,,,,,,,,,
2026-10-07T17:38:55.403640+00:00,,guardian_state,,,,,,MONITORING,True,24.0,,,,,,
2026-10-07T17:38:57.404683+00:00,1791394594171,temperature,,,,24.0,OK,,,,,,,,,
2026-10-07T17:38:57.405311+00:00,,guardian_state,,,,,,MONITORING,True,24.0,,,,,,
2026-10-07T17:38:58.026660+00:00,1791394594793,child_presence,True,0.97,rear_center,,,,,,,,,,,
2026-10-07T17:38:58.027041+00:00,,guardian_state,,,,,,MONITORING,True,24.0,,,,,,
2026-10-07T17:38:59.407437+00:00,1791394596174,temperature,,,,24.0,OK,,,,,,,,,
2026-10-07T17:38:59.408147+00:00,,guardian_state,,,,,,MONITORING,True,24.0,,,,,,
2026-10-07T17:39:01.411816+00:00,1791394598178,temperature,,,,24.0,OK,,,,,,,,,
2026-10-07T17:39:01.412119+00:00,,guardian_state,,,,,,MONITORING,True,24.0,,,,,,
2026-10-07T17:39:03.416978+00:00,1791394600182,temperature,,,,24.0,OK,,,,,,,,,
2026-10-07T17:39:03.417718+00:00,,guardian_state,,,,,,MONITORING,True,24.0,,,,,,
2026-10-07T17:39:05.423710+00:00,1791394602189,temperature,,,,24.0,OK,,,,,,,,,
2026-10-07T17:39:05.428383+00:00,,guardian_state,,,,,,MONITORING,True,24.0,,,,,,
2026-10-07T17:39:07.428580+00:00,1791394604194,temperature,,,,24.0,OK,,,,,,,,,
2026-10-07T17:39:07.429010+00:00,,guardian_state,,,,,,MONITORING,True,24.0,,,,,,
2026-10-07T17:39:09.430169+00:00,1791394606196,temperature,,,,24.0,OK,,,,,,,,,
2026-10-07T17:39:09.430458+00:00,,guardian_state,,,,,,MONITORING,True,24.0,,,,,,
2026-10-07T17:39:10.034284+00:00,1791394606799,child_presence,True,0.97,rear_center,,,,,,,,,,,
2026-10-07T17:39:10.034998+00:00,,guardian_state,,,,,,MONITORING,True,24.0,,,,,,
2026-10-07T17:39:11.437773+00:00,1791394608203,temperature,,,,24.0,OK,,,,,,,,,
2026-10-07T17:39:11.438658+00:00,,guardian_state,,,,,,MONITORING,True,24.0,,,,,,
2026-10-07T17:39:13.439745+00:00,1791394610205,temperature,,,,24.0,OK,,,,,,,,,
2026-10-07T17:39:13.440732+00:00,,guardian_state,,,,,,MONITORING,True,24.0,,,,,,
2026-10-07T17:39:15.442915+00:00,1791394612207,temperature,,,,24.0,OK,,,,,,,,,
2026-10-07T17:39:15.443529+00:00,,guardian_state,,,,,,MONITORING,True,24.0,,,,,,
2026-10-07T17:39:17.447016+00:00,1791394757443,temperature,,,,24.0,OK,,,,,,,,,
2026-10-07T17:39:17.448236+00:00,,guardian_state,,,,,,MONITORING,True,24.0,,,,,,
2026-10-07T17:39:19.448977+00:00,1791394759446,temperature,,,,24.0,OK,,,,,,,,,
2026-10-07T17:39:19.449358+00:00,,guardian_state,,,,,,MONITORING,True,24.0,,,,,,
2026-10-07T17:39:21.458202+00:00,1791394761454,temperature,,,,24.0,OK,,,,,,,,,
2026-10-07T17:39:21.459302+00:00,,guardian_state,,,,,,MONITORING,True,24.0,,,,,,
2026-10-07T17:39:22.036478+00:00,1791394762033,child_presence,True,0.97,rear_center,,,,,,,,,,,
2026-10-07T17:39:22.037125+00:00,,guardian_state,,,,,,MONITORING,True,24.0,,,,,,
2026-10-07T17:39:23.463902+00:00,1791394763460,temperature,,,,24.0,OK,,,,,,,,,
2026-10-07T17:39:23.464737+00:00,,guardian_state,,,,,,MONITORING,True,24.0,,,,,,
2026-10-07T17:39:25.467064+00:00,1791394765463,temperature,,,,24.0,OK,,,,,,,,,
2026-10-07T17:39:25.468036+00:00,,guardian_state,,,,,,MONITORING,True,24.0,,,,,,
2026-10-07T17:39:27.474170+00:00,1791394767471,temperature,,,,24.0,OK,,,,,,,,,
2026-10-07T17:39:27.474973+00:00,,guardian_state,,,,,,MONITORING,True,24.0,,,,,,
2026-10-07T17:39:29.475506+00:00,1791394769472,temperature,,,,24.0,OK,,,,,,,,,
2026-10-07T17:39:29.475732+00:00,,guardian_state,,,,,,MONITORING,True,24.0,,,,,,
2026-10-07T17:39:31.479612+00:00,1791394771476,temperature,,,,24.0,OK,,,,,,,,,
2026-10-07T17:39:31.480321+00:00,,guardian_state,,,,,,MONITORING,True,24.0,,,,,,
2026-10-07T17:39:33.482705+00:00,1791394773479,temperature,,,,24.0,OK,,,,,,,,,
2026-10-07T17:39:33.483500+00:00,,guardian_state,,,,,,MONITORING,True,24.0,,,,,,
2026-10-07T17:39:34.038871+00:00,1791394774035,child_presence,True,0.97,rear_center,,,,,,,,,,,
2026-10-07T17:39:34.039634+00:00,,guardian_state,,,,,,MONITORING,True,24.0,,,,,,
2026-10-07T17:39:35.487131+00:00,1791394775483,temperature,,,,24.0,OK,,,,,,,,,
2026-10-07T17:39:35.488120+00:00,,guardian_state,,,,,,MONITORING,True,24.0,,,,,,
2026-10-07T17:39:37.490635+00:00,1791394777487,temperature,,,,24.0,OK,,,,,,,,,
2026-10-07T17:39:37.491459+00:00,,guardian_state,,,,,,MONITORING,True,24.0,,,,,,
2026-10-07T17:39:39.491138+00:00,1791394779488,temperature,,,,24.0,OK,,,,,,,,,
2026-10-07T17:39:39.491404+00:00,,guardian_state,,,,,,MONITORING,True,24.0,,,,,,
2026-10-07T17:39:41.494606+00:00,1791394781491,temperature,,,,24.0,OK,,,,,,,,,
2026-10-07T17:39:41.495378+00:00,,guardian_state,,,,,,MONITORING,True,24.0,,,,,,
2026-10-07T17:39:43.496042+00:00,1791394783493,temperature,,,,24.0,OK,,,,,,,,,
2026-10-07T17:39:43.496953+00:00,,guardian_state,,,,,,MONITORING,True,24.0,,,,,,
2026-10-07T17:39:45.500133+00:00,1791394785496,temperature,,,,24.0,OK,,,,,,,,,
2026-10-07T17:39:45.500966+00:00,,guardian_state,,,,,,MONITORING,True,24.0,,,,,,
2026-10-07T17:39:46.045590+00:00,1791394786042,child_presence,True,0.97,rear_center,,,,,,,,,,,
2026-10-07T17:39:46.046497+00:00,,guardian_state,,,,,,MONITORING,True,24.0,,,,,,
2026-10-07T17:39:47.506146+00:00,1791394787503,temperature,,,,24.0,OK,,,,,,,,,
2026-10-07T17:39:47.507077+00:00,,guardian_state,,,,,,MONITORING,True,24.0,,,,,,
2026-10-07T17:39:49.507094+00:00,1791394789505,temperature,,,,24.0,OK,,,,,,,,,
2026-10-07T17:39:49.507325+00:00,,guardian_state,,,,,,MONITORING,True,24.0,,,,,,
2026-10-07T17:39:51.509817+00:00,1791394791507,temperature,,,,24.0,OK,,,,,,,,,
2026-10-07T17:39:51.510347+00:00,,guardian_state,,,,,,MONITORING,True,24.0,,,,,,
2026-10-07T17:39:53.514891+00:00,1791394793511,temperature,,,,24.0,OK,,,,,,,,,
2026-10-07T17:39:53.515727+00:00,,guardian_state,,,,,,MONITORING,True,24.0,,,,,,
2026-10-07T17:39:55.516253+00:00,1791394795513,temperature,,,,24.0,OK,,,,,,,,,
2026-10-07T17:39:55.517163+00:00,,guardian_state,,,,,,MONITORING,True,24.0,,,,,,
2026-10-07T17:39:57.519193+00:00,1791394797516,temperature,,,,24.0,OK,,,,,,,,,
2026-10-07T17:39:57.519953+00:00,,guardian_state,,,,,,MONITORING,True,24.0,,,,,,
2026-10-07T17:39:58.046548+00:00,1791394798044,child_presence,True,0.97,rear_center,,,,,,,,,,,
2026-10-07T17:39:58.047274+00:00,,guardian_state,,,,,,MONITORING,True,24.0,,,,,,
2026-10-07T17:39:59.521765+00:00,1791394799519,temperature,,,,24.0,OK,,,,,,,,,
2026-10-07T17:39:59.522028+00:00,,guardian_state,,,,,,MONITORING,True,24.0,,,,,,
2026-10-07T17:40:01.523995+00:00,1791394801521,temperature,,,,24.0,OK,,,,,,,,,
2026-10-07T17:40:01.524332+00:00,,guardian_state,,,,,,MONITORING,True,24.0,,,,,,
2026-10-07T17:40:03.529502+00:00,1791394803526,temperature,,,,24.0,OK,,,,,,,,,
2026-10-07T17:40:03.530352+00:00,,guardian_state,,,,,,MONITORING,True,24.0,,,,,,
2026-10-07T17:40:05.534343+00:00,1791394805531,temperature,,,,24.0,OK,,,,,,,,,
2026-10-07T17:40:05.535160+00:00,,guardian_state,,,,,,MONITORING,True,24.0,,,,,,
2026-10-07T17:40:07.536365+00:00,1791394807533,temperature,,,,24.0,OK,,,,,,,,,
2026-10-07T17:40:07.537161+00:00,,guardian_state,,,,,,MONITORING,True,24.0,,,,,,
2026-10-07T17:40:09.540739+00:00,1791394809537,temperature,,,,24.0,OK,,,,,,,,,
2026-10-07T17:40:09.541021+00:00,,guardian_state,,,,,,MONITORING,True,24.0,,,,,,
2026-10-07T17:40:10.052636+00:00,1791394810049,child_presence,True,0.97,rear_center,,,,,,,,,,,
2026-10-07T17:40:10.053572+00:00,,guardian_state,,,,,,MONITORING,True,24.0,,,,,,
2026-10-07T17:40:11.541638+00:00,1791394811539,temperature,,,,24.0,OK,,,,,,,,,
2026-10-07T17:40:11.541863+00:00,,guardian_state,,,,,,MONITORING,True,24.0,,,,,,
2026-10-07T17:40:13.546060+00:00,1791394813543,temperature,,,,24.0,OK,,,,,,,,,
2026-10-07T17:40:13.546847+00:00,,guardian_state,,,,,,MONITORING,True,24.0,,,,,,
2026-10-07T17:40:15.549114+00:00,1791394815546,temperature,,,,24.0,OK,,,,,,,,,
2026-10-07T17:40:15.550142+00:00,,guardian_state,,,,,,MONITORING,True,24.0,,,,,,
2026-10-07T17:40:17.555731+00:00,1791394817552,temperature,,,,24.0,OK,,,,,,,,,
2026-10-07T17:40:17.556509+00:00,,guardian_state,,,,,,MONITORING,True,24.0,,,,,,
2026-10-07T17:40:19.561029+00:00,1791394819558,temperature,,,,24.0,OK,,,,,,,,,
2026-10-07T17:40:19.561328+00:00,,guardian_state,,,,,,MONITORING,True,24.0,,,,,,
2026-10-07T17:40:21.566669+00:00,1791394821563,temperature,,,,24.0,OK,,,,,,,,,
2026-10-07T17:40:21.567684+00:00,,guardian_state,,,,,,MONITORING,True,24.0,,,,,,
2026-10-07T17:40:22.055614+00:00,1791394822052,child_presence,True,0.97,rear_center,,,,,,,,,,,
2026-10-07T17:40:22.056433+00:00,,guardian_state,,,,,,MONITORING,True,24.0,,,,,,
2026-10-07T17:40:23.571996+00:00,1791394823568,temperature,,,,24.0,OK,,,,,,,,,
2026-10-07T17:40:23.572728+00:00,,guardian_state,,,,,,MONITORING,True,24.0,,,,,,
2026-10-07T17:40:25.577025+00:00,1791394825573,temperature,,,,24.0,OK,,,,,,,,,
2026-10-07T17:40:25.577785+00:00,,guardian_state,,,,,,MONITORING,True,24.0,,,,,,
2026-10-07T17:40:27.580808+00:00,1791394827577,temperature,,,,24.0,OK,,,,,,,,,
2026-10-07T17:40:27.581560+00:00,,guardian_state,,,,,,MONITORING,True,24.0,,,,,,
2026-10-07T17:40:29.583657+00:00,1791394829581,temperature,,,,24.0,OK,,,,,,,,,
2026-10-07T17:40:29.584156+00:00,,guardian_state,,,,,,MONITORING,True,24.0,,,,,,
2026-10-07T17:40:31.586870+00:00,1791394831584,temperature,,,,24.0,OK,,,,,,,,,
2026-10-07T17:40:31.587819+00:00,,guardian_state,,,,,,MONITORING,True,24.0,,,,,,
2026-10-07T17:40:33.589340+00:00,1791394833586,temperature,,,,24.0,OK,,,,,,,,,
2026-10-07T17:40:33.590093+00:00,,guardian_state,,,,,,MONITORING,True,24.0,,,,,,
2026-10-07T17:40:34.057639+00:00,1791394834054,child_presence,True,0.97,rear_center,,,,,,,,,,,
2026-10-07T17:40:34.058610+00:00,,guardian_state,,,,,,MONITORING,True,24.0,,,,,,
2026-10-07T17:40:35.592782+00:00,1791394835590,temperature,,,,24.0,OK,,,,,,,,,
2026-10-07T17:40:35.593900+00:00,,guardian_state,,,,,,MONITORING,True,24.0,,,,,,
2026-10-07T17:40:37.599117+00:00,1791394837596,temperature,,,,24.0,OK,,,,,,,,,
2026-10-07T17:40:37.600166+00:00,,guardian_state,,,,,,MONITORING,True,24.0,,,,,,
2026-10-07T17:40:39.601474+00:00,1791394839599,temperature,,,,24.0,OK,,,,,,,,,
2026-10-07T17:40:39.601791+00:00,,guardian_state,,,,,,MONITORING,True,24.0,,,,,,
2026-10-07T17:40:41.609292+00:00,1791394841606,temperature,,,,24.0,OK,,,,,,,,,
2026-10-07T17:40:41.610094+00:00,,guardian_state,,,,,,MONITORING,True,24.0,,,,,,
2026-10-07T17:40:43.611582+00:00,1791394843608,temperature,,,,24.0,OK,,,,,,,,,
2026-10-07T17:40:43.612530+00:00,,guardian_state,,,,,,MONITORING,True,24.0,,,,,,
2026-10-07T17:40:45.616104+00:00,1791394845613,temperature,,,,24.0,OK,,,,,,,,,
2026-10-07T17:40:45.616817+00:00,,guardian_state,,,,,,MONITORING,True,24.0,,,,,,
2026-10-07T17:40:46.062358+00:00,1791394846059,child_presence,True,0.97,rear_center,,,,,,,,,,,
2026-10-07T17:40:46.063608+00:00,,guardian_state,,,,,,MONITORING,True,24.0,,,,,,
2026-10-07T17:40:47.621054+00:00,1791394847618,temperature,,,,24.0,OK,,,,,,,,,
2026-10-07T17:40:47.621852+00:00,,guardian_state,,,,,,MONITORING,True,24.0,,,,,,
2026-10-07T17:40:49.623505+00:00,1791394849620,temperature,,,,24.0,OK,,,,,,,,,
2026-10-07T17:40:49.623903+00:00,,guardian_state,,,,,,MONITORING,True,24.0,,,,,,
2026-10-07T17:40:51.630044+00:00,1791394851627,temperature,,,,24.0,OK,,,,,,,,,
2026-10-07T17:40:51.630947+00:00,,guardian_state,,,,,,MONITORING,True,24.0,,,,,,
2026-10-07T17:40:53.632636+00:00,1791394853629,temperature,,,,24.0,OK,,,,,,,,,
2026-10-07T17:40:53.633352+00:00,,guardian_state,,,,,,MONITORING,True,24.0,,,,,,
2026-10-07T17:40:55.635444+00:00,1791394855632,temperature,,,,24.0,OK,,,,,,,,,
2026-10-07T17:40:55.636137+00:00,,guardian_state,,,,,,MONITORING,True,24.0,,,,,,
2026-10-07T17:40:57.637882+00:00,1791394857634,temperature,,,,24.0,OK,,,,,,,,,
2026-10-07T17:40:57.638740+00:00,,guardian_state,,,,,,MONITORING,True,24.0,,,,,,
2026-10-07T17:40:58.065746+00:00,1791394858062,child_presence,True,0.97,rear_center,,,,,,,,,,,
2026-10-07T17:40:58.066501+00:00,,guardian_state,,,,,,MONITORING,True,24.0,,,,,,
2026-10-07T17:40:59.641593+00:00,1791394859638,temperature,,,,24.0,OK,,,,,,,,,
2026-10-07T17:40:59.642160+00:00,,guardian_state,,,,,,MONITORING,True,24.0,,,,,,
2026-10-07T17:41:01.648641+00:00,1791394861645,temperature,,,,24.0,OK,,,,,,,,,
2026-10-07T17:41:01.649628+00:00,,guardian_state,,,,,,MONITORING,True,24.0,,,,,,
2026-10-07T17:41:03.653772+00:00,1791394863650,temperature,,,,24.0,OK,,,,,,,,,
2026-10-07T17:41:03.654778+00:00,,guardian_state,,,,,,MONITORING,True,24.0,,,,,,
2026-10-07T17:41:05.656317+00:00,1791394865653,temperature,,,,24.0,OK,,,,,,,,,
2026-10-07T17:41:05.657093+00:00,,guardian_state,,,,,,MONITORING,True,24.0,,,,,,
2026-10-07T17:41:07.661820+00:00,1791394867659,temperature,,,,24.0,OK,,,,,,,,,
2026-10-07T17:41:07.662597+00:00,,guardian_state,,,,,,MONITORING,True,24.0,,,,,,
2026-10-07T17:41:09.667202+00:00,1791394869664,temperature,,,,24.0,OK,,,,,,,,,
2026-10-07T17:41:09.667746+00:00,,guardian_state,,,,,,MONITORING,True,24.0,,,,,,
2026-10-07T17:41:10.070162+00:00,1791394870067,child_presence,True,0.97,rear_center,,,,,,,,,,,
2026-10-07T17:41:10.070878+00:00,,guardian_state,,,,,,MONITORING,True,24.0,,,,,,
2026-10-07T17:41:11.670165+00:00,1791394871667,temperature,,,,24.0,OK,,,,,,,,,
2026-10-07T17:41:11.670921+00:00,,guardian_state,,,,,,MONITORING,True,24.0,,,,,,
2026-10-07T17:41:13.674232+00:00,1791394873671,temperature,,,,24.0,OK,,,,,,,,,
2026-10-07T17:41:13.675192+00:00,,guardian_state,,,,,,MONITORING,True,24.0,,,,,,
2026-10-07T17:41:15.678137+00:00,1791394875675,temperature,,,,24.0,OK,,,,,,,,,
2026-10-07T17:41:15.679005+00:00,,guardian_state,,,,,,MONITORING,True,24.0,,,,,,
2026-10-07T17:41:17.680110+00:00,1791394877676,temperature,,,,24.0,OK,,,,,,,,,
2026-10-07T17:41:17.680907+00:00,,guardian_state,,,,,,MONITORING,True,24.0,,,,,,
2026-10-07T17:41:19.686566+00:00,1791394879683,temperature,,,,24.0,OK,,,,,,,,,
2026-10-07T17:41:19.687390+00:00,,guardian_state,,,,,,MONITORING,True,24.0,,,,,,
2026-10-07T17:41:21.688274+00:00,1791394881685,temperature,,,,24.0,OK,,,,,,,,,
2026-10-07T17:41:21.688893+00:00,,guardian_state,,,,,,MONITORING,True,24.0,,,,,,
2026-10-07T17:41:22.070826+00:00,1791394882068,child_presence,True,0.97,rear_center,,,,,,,,,,,
2026-10-07T17:41:22.071175+00:00,,guardian_state,,,,,,MONITORING,True,24.0,,,,,,
2026-10-07T17:41:23.694261+00:00,1791394883690,temperature,,,,24.0,OK,,,,,,,,,
2026-10-07T17:41:23.695028+00:00,,guardian_state,,,,,,MONITORING,True,24.0,,,,,,
2026-10-07T17:41:25.698315+00:00,1791394885694,temperature,,,,24.0,OK,,,,,,,,,
2026-10-07T17:41:25.699106+00:00,,guardian_state,,,,,,MONITORING,True,24.0,,,,,,
2026-10-07T17:41:27.703260+00:00,1791394887700,temperature,,,,24.0,OK,,,,,,,,,
2026-10-07T17:41:27.703843+00:00,,guardian_state,,,,,,MONITORING,True,24.0,,,,,,
2026-10-07T17:41:29.712614+00:00,1791394889709,temperature,,,,24.0,OK,,,,,,,,,
2026-10-07T17:41:29.713144+00:00,,guardian_state,,,,,,MONITORING,True,24.0,,,,,,
2026-10-07T17:41:31.721744+00:00,1791394891718,temperature,,,,24.0,OK,,,,,,,,,
2026-10-07T17:41:31.722570+00:00,,guardian_state,,,,,,MONITORING,True,24.0,,,,,,
2026-10-07T17:41:33.724213+00:00,1791394893721,temperature,,,,24.0,OK,,,,,,,,,
2026-10-07T17:41:33.724895+00:00,,guardian_state,,,,,,MONITORING,True,24.0,,,,,,
2026-10-07T17:41:34.077880+00:00,1791394894074,child_presence,True,0.97,rear_center,,,,,,,,,,,
2026-10-07T17:41:34.079062+00:00,,guardian_state,,,,,,MONITORING,True,24.0,,,,,,
2026-10-07T17:41:35.732491+00:00,1791394895729,temperature,,,,24.0,OK,,,,,,,,,
2026-10-07T17:41:35.733344+00:00,,guardian_state,,,,,,MONITORING,True,24.0,,,,,,
2026-10-07T17:41:37.735216+00:00,1791394897732,temperature,,,,24.0,OK,,,,,,,,,
2026-10-07T17:41:37.736019+00:00,,guardian_state,,,,,,MONITORING,True,24.0,,,,,,
2026-10-07T17:41:39.740894+00:00,1791394899737,temperature,,,,24.0,OK,,,,,,,,,
2026-10-07T17:41:39.741736+00:00,,guardian_state,,,,,,MONITORING,True,24.0,,,,,,
2026-10-07T17:41:41.747892+00:00,1791394901744,temperature,,,,24.0,OK,,,,,,,,,
2026-10-07T17:41:41.748685+00:00,,guardian_state,,,,,,MONITORING,True,24.0,,,,,,
2026-10-07T17:41:43.757360+00:00,1791394903754,temperature,,,,24.0,OK,,,,,,,,,
2026-10-07T17:41:43.758308+00:00,,guardian_state,,,,,,MONITORING,True,24.0,,,,,,
2026-10-07T17:41:45.762234+00:00,1791394905759,temperature,,,,24.0,OK,,,,,,,,,
2026-10-07T17:41:45.762854+00:00,,guardian_state,,,,,,MONITORING,True,24.0,,,,,,
2026-10-07T17:41:46.086326+00:00,1791394906083,child_presence,True,0.97,rear_center,,,,,,,,,,,
2026-10-07T17:41:46.086946+00:00,,guardian_state,,,,,,MONITORING,True,24.0,,,,,,
2026-10-07T17:41:47.765294+00:00,1791394907763,temperature,,,,24.0,OK,,,,,,,,,
2026-10-07T17:41:47.765917+00:00,,guardian_state,,,,,,MONITORING,True,24.0,,,,,,
2026-10-07T17:41:49.777137+00:00,1791394909774,temperature,,,,24.0,OK,,,,,,,,,
2026-10-07T17:41:49.778042+00:00,,guardian_state,,,,,,MONITORING,True,24.0,,,,,,
2026-10-07T17:41:51.782537+00:00,1791394911779,temperature,,,,24.0,OK,,,,,,,,,
2026-10-07T17:41:51.783349+00:00,,guardian_state,,,,,,MONITORING,True,24.0,,,,,,
2026-10-07T17:41:53.786280+00:00,1791394913783,temperature,,,,24.0,OK,,,,,,,,,
2026-10-07T17:41:53.787086+00:00,,guardian_state,,,,,,MONITORING,True,24.0,,,,,,
2026-10-07T17:41:55.788713+00:00,1791394915786,temperature,,,,24.0,OK,,,,,,,,,
2026-10-07T17:41:55.789517+00:00,,guardian_state,,,,,,MONITORING,True,24.0,,,,,,
2026-10-07T17:41:57.789935+00:00,1791394917787,temperature,,,,24.0,OK,,,,,,,,,
2026-10-07T17:41:57.790522+00:00,,guardian_state,,,,,,MONITORING,True,24.0,,,,,,
2026-10-07T17:41:58.092557+00:00,1791394918090,child_presence,True,0.97,rear_center,,,,,,,,,,,
2026-10-07T17:41:58.093474+00:00,,guardian_state,,,,,,MONITORING,True,24.0,,,,,,
2026-10-07T17:41:59.792130+00:00,1791394919789,temperature,,,,24.0,OK,,,,,,,,,
2026-10-07T17:41:59.792969+00:00,,guardian_state,,,,,,MONITORING,True,24.0,,,,,,
2026-10-07T17:42:01.797889+00:00,1791394921795,temperature,,,,24.0,OK,,,,,,,,,
2026-10-07T17:42:01.798549+00:00,,guardian_state,,,,,,MONITORING,True,24.0,,,,,,
2026-10-07T17:42:03.803260+00:00,1791394923800,temperature,,,,24.0,OK,,,,,,,,,
2026-10-07T17:42:03.803952+00:00,,guardian_state,,,,,,MONITORING,True,24.0,,,,,,
2026-10-07T17:42:05.812696+00:00,1791394925810,temperature,,,,24.0,OK,,,,,,,,,
2026-10-07T17:42:05.813509+00:00,,guardian_state,,,,,,MONITORING,True,24.0,,,,,,
2026-10-07T17:42:07.821668+00:00,1791394927819,temperature,,,,24.0,OK,,,,,,,,,
2026-10-07T17:42:07.822363+00:00,,guardian_state,,,,,,MONITORING,True,24.0,,,,,,
2026-10-07T17:42:09.825775+00:00,1791394929823,temperature,,,,24.0,OK,,,,,,,,,
2026-10-07T17:42:09.826784+00:00,,guardian_state,,,,,,MONITORING,True,24.0,,,,,,
2026-10-07T17:42:10.100526+00:00,1791394930098,child_presence,True,0.97,rear_center,,,,,,,,,,,
2026-10-07T17:42:10.101427+00:00,,guardian_state,,,,,,MONITORING,True,24.0,,,,,,
2026-10-07T17:42:35.097602+00:00,1791394931828,temperature,,,,24.0,OK,,,,,,,,,
2026-10-07T17:42:35.121003+00:00,,guardian_state,,,,,,MONITORING,True,24.0,,,,,,
2026-10-07T17:42:37.105962+00:00,1791394933838,temperature,,,,24.0,OK,,,,,,,,,
2026-10-07T17:42:37.106878+00:00,,guardian_state,,,,,,MONITORING,True,24.0,,,,,,
2026-10-07T17:42:39.113512+00:00,1791394935845,temperature,,,,24.0,OK,,,,,,,,,
2026-10-07T17:42:39.114635+00:00,,guardian_state,,,,,,MONITORING,True,24.0,,,,,,
2026-10-07T17:42:41.118991+00:00,1791394961115,temperature,,,,24.0,OK,,,,,,,,,
2026-10-07T17:42:41.119916+00:00,,guardian_state,,,,,,MONITORING,True,24.0,,,,,,
2026-10-07T17:42:43.120298+00:00,1791394963116,temperature,,,,24.0,OK,,,,,,,,,
2026-10-07T17:42:43.121089+00:00,,guardian_state,,,,,,MONITORING,True,24.0,,,,,,
2026-10-07T17:42:45.129052+00:00,1791394965125,temperature,,,,24.0,OK,,,,,,,,,
2026-10-07T17:42:45.129811+00:00,,guardian_state,,,,,,MONITORING,True,24.0,,,,,,
2026-10-07T17:42:45.369794+00:00,1791394965366,child_presence,True,0.97,rear_center,,,,,,,,,,,
2026-10-07T17:42:45.370622+00:00,,guardian_state,,,,,,MONITORING,True,24.0,,,,,,
2026-10-07T17:42:47.130872+00:00,1791394967127,temperature,,,,24.0,OK,,,,,,,,,
2026-10-07T17:42:47.131842+00:00,,guardian_state,,,,,,MONITORING,True,24.0,,,,,,
2026-10-07T17:42:49.138064+00:00,1791394969134,temperature,,,,24.0,OK,,,,,,,,,
2026-10-07T17:42:49.138815+00:00,,guardian_state,,,,,,MONITORING,True,24.0,,,,,,
2026-10-07T17:42:51.142659+00:00,1791394971139,temperature,,,,24.0,OK,,,,,,,,,
2026-10-07T17:42:51.143388+00:00,,guardian_state,,,,,,MONITORING,True,24.0,,,,,,
2026-10-07T17:42:53.144676+00:00,1791394973141,temperature,,,,24.0,OK,,,,,,,,,
2026-10-07T17:42:53.145431+00:00,,guardian_state,,,,,,MONITORING,True,24.0,,,,,,
2026-10-07T17:42:55.156211+00:00,1791394975152,temperature,,,,24.0,OK,,,,,,,,,
2026-10-07T17:42:55.157065+00:00,,guardian_state,,,,,,MONITORING,True,24.0,,,,,,
2026-10-07T17:42:57.163015+00:00,1791394977159,temperature,,,,24.0,OK,,,,,,,,,
2026-10-07T17:42:57.164381+00:00,,guardian_state,,,,,,MONITORING,True,24.0,,,,,,
2026-10-07T17:42:57.371911+00:00,1791394977368,child_presence,True,0.97,rear_center,,,,,,,,,,,
2026-10-07T17:42:57.372563+00:00,,guardian_state,,,,,,MONITORING,True,24.0,,,,,,
2026-10-07T17:42:59.168160+00:00,1791394979164,temperature,,,,24.0,OK,,,,,,,,,
2026-10-07T17:42:59.168937+00:00,,guardian_state,,,,,,MONITORING,True,24.0,,,,,,
2026-10-07T17:43:01.172799+00:00,1791394981169,temperature,,,,24.0,OK,,,,,,,,,
2026-10-07T17:43:01.173566+00:00,,guardian_state,,,,,,MONITORING,True,24.0,,,,,,
2026-10-07T17:43:03.184160+00:00,1791394983180,temperature,,,,24.0,OK,,,,,,,,,
2026-10-07T17:43:03.184854+00:00,,guardian_state,,,,,,MONITORING,True,24.0,,,,,,
2026-10-07T17:43:05.187848+00:00,1791394985184,temperature,,,,24.0,OK,,,,,,,,,
2026-10-07T17:43:05.188696+00:00,,guardian_state,,,,,,MONITORING,True,24.0,,,,,,
2026-10-07T17:43:07.191623+00:00,1791394987188,temperature,,,,24.0,OK,,,,,,,,,
2026-10-07T17:43:07.192576+00:00,,guardian_state,,,,,,MONITORING,True,24.0,,,,,,
2026-10-07T17:43:09.193259+00:00,1791394989190,temperature,,,,24.0,OK,,,,,,,,,
2026-10-07T17:43:09.194047+00:00,,guardian_state,,,,,,MONITORING,True,24.0,,,,,,
2026-10-07T17:43:09.382543+00:00,1791394989379,child_presence,True,0.97,rear_center,,,,,,,,,,,
2026-10-07T17:43:09.383251+00:00,,guardian_state,,,,,,MONITORING,True,24.0,,,,,,
2026-10-07T17:43:11.197277+00:00,1791394991194,temperature,,,,24.0,OK,,,,,,,,,
2026-10-07T17:43:11.198001+00:00,,guardian_state,,,,,,MONITORING,True,24.0,,,,,,
2026-10-07T17:43:13.199542+00:00,1791394993196,temperature,,,,24.0,OK,,,,,,,,,
2026-10-07T17:43:13.200472+00:00,,guardian_state,,,,,,MONITORING,True,24.0,,,,,,
2026-10-07T17:43:15.205137+00:00,1791394995201,temperature,,,,24.0,OK,,,,,,,,,
2026-10-07T17:43:15.205736+00:00,,guardian_state,,,,,,MONITORING,True,24.0,,,,,,
2026-10-07T17:43:17.209331+00:00,1791394997205,temperature,,,,24.0,OK,,,,,,,,,
2026-10-07T17:43:17.210227+00:00,,guardian_state,,,,,,MONITORING,True,24.0,,,,,,
2026-10-07T17:43:19.219535+00:00,1791394999216,temperature,,,,24.0,OK,,,,,,,,,
2026-10-07T17:43:19.220645+00:00,,guardian_state,,,,,,MONITORING,True,24.0,,,,,,
2026-10-07T17:43:21.222043+00:00,1791395001219,temperature,,,,24.0,OK,,,,,,,,,
2026-10-07T17:43:21.222912+00:00,,guardian_state,,,,,,MONITORING,True,24.0,,,,,,
2026-10-07T17:43:21.390031+00:00,1791395001387,child_presence,True,0.97,rear_center,,,,,,,,,,,
2026-10-07T17:43:21.390851+00:00,,guardian_state,,,,,,MONITORING,True,24.0,,,,,,
2026-10-07T17:44:04.279510+00:00,1791395003221,temperature,,,,24.0,OK,,,,,,,,,
2026-10-07T17:44:04.280194+00:00,,guardian_state,,,,,,MONITORING,True,24.0,,,,,,
2026-10-07T17:44:06.282358+00:00,1791395005225,temperature,,,,24.0,OK,,,,,,,,,
2026-10-07T17:44:06.283131+00:00,,guardian_state,,,,,,MONITORING,True,24.0,,,,,,
2026-10-07T17:44:08.285054+00:00,1791395007227,temperature,,,,24.0,OK,,,,,,,,,
2026-10-07T17:44:08.285998+00:00,,guardian_state,,,,,,MONITORING,True,24.0,,,,,,
2026-10-07T17:44:10.291381+00:00,1791395009234,temperature,,,,24.0,OK,,,,,,,,,
2026-10-07T17:44:10.292222+00:00,,guardian_state,,,,,,MONITORING,True,24.0,,,,,,
2026-10-07T17:44:12.299078+00:00,1791395011241,temperature,,,,24.0,OK,,,,,,,,,
2026-10-07T17:44:12.299929+00:00,,guardian_state,,,,,,MONITORING,True,24.0,,,,,,
2026-10-07T17:44:14.307128+00:00,1791395013249,temperature,,,,24.0,OK,,,,,,,,,
2026-10-07T17:44:14.308010+00:00,,guardian_state,,,,,,MONITORING,True,24.0,,,,,,
2026-10-07T17:44:14.451027+00:00,1791395013393,child_presence,True,0.97,rear_center,,,,,,,,,,,
2026-10-07T17:44:14.451958+00:00,,guardian_state,,,,,,MONITORING,True,24.0,,,,,,
2026-10-07T17:44:16.311040+00:00,1791395015254,temperature,,,,24.0,OK,,,,,,,,,
2026-10-07T17:44:16.311704+00:00,,guardian_state,,,,,,MONITORING,True,24.0,,,,,,
2026-10-07T17:44:18.315358+00:00,1791395017258,temperature,,,,24.0,OK,,,,,,,,,
2026-10-07T17:44:18.316447+00:00,,guardian_state,,,,,,MONITORING,True,24.0,,,,,,
2026-10-07T17:44:20.320568+00:00,1791395019263,temperature,,,,24.0,OK,,,,,,,,,
2026-10-07T17:44:20.321213+00:00,,guardian_state,,,,,,MONITORING,True,24.0,,,,,,
2026-10-07T17:44:22.325181+00:00,1791395062321,temperature,,,,24.0,OK,,,,,,,,,
2026-10-07T17:44:22.327192+00:00,,guardian_state,,,,,,MONITORING,True,24.0,,,,,,
2026-10-07T17:44:24.329210+00:00,1791395064325,temperature,,,,24.0,OK,,,,,,,,,
2026-10-07T17:44:24.329906+00:00,,guardian_state,,,,,,MONITORING,True,24.0,,,,,,
2026-10-07T17:44:26.336253+00:00,1791395066332,temperature,,,,24.0,OK,,,,,,,,,
2026-10-07T17:44:26.337114+00:00,,guardian_state,,,,,,MONITORING,True,24.0,,,,,,
2026-10-07T17:44:26.451813+00:00,1791395066448,child_presence,True,0.97,rear_center,,,,,,,,,,,
2026-10-07T17:44:26.452471+00:00,,guardian_state,,,,,,MONITORING,True,24.0,,,,,,
2026-10-07T17:44:28.340185+00:00,1791395068336,temperature,,,,24.0,OK,,,,,,,,,
2026-10-07T17:44:28.341175+00:00,,guardian_state,,,,,,MONITORING,True,24.0,,,,,,
2026-10-07T17:44:30.347186+00:00,1791395070343,temperature,,,,24.0,OK,,,,,,,,,
2026-10-07T17:44:30.348014+00:00,,guardian_state,,,,,,MONITORING,True,24.0,,,,,,
2026-10-07T17:44:32.349089+00:00,1791395072345,temperature,,,,24.0,OK,,,,,,,,,
2026-10-07T17:44:32.349853+00:00,,guardian_state,,,,,,MONITORING,True,24.0,,,,,,
2026-10-07T17:44:34.352488+00:00,1791395074349,temperature,,,,24.0,OK,,,,,,,,,
2026-10-07T17:44:34.353382+00:00,,guardian_state,,,,,,MONITORING,True,24.0,,,,,,
2026-10-07T17:44:36.355501+00:00,1791395076352,temperature,,,,24.0,OK,,,,,,,,,
2026-10-07T17:44:36.356322+00:00,,guardian_state,,,,,,MONITORING,True,24.0,,,,,,
2026-10-07T17:44:38.360597+00:00,1791395078357,temperature,,,,24.0,OK,,,,,,,,,
2026-10-07T17:44:38.361470+00:00,,guardian_state,,,,,,MONITORING,True,24.0,,,,,,
2026-10-07T17:44:38.462078+00:00,1791395078459,child_presence,True,0.97,rear_center,,,,,,,,,,,
2026-10-07T17:44:38.462745+00:00,,guardian_state,,,,,,MONITORING,True,24.0,,,,,,
2026-10-07T17:44:40.372305+00:00,1791395080368,temperature,,,,24.0,OK,,,,,,,,,
2026-10-07T17:44:40.373187+00:00,,guardian_state,,,,,,MONITORING,True,24.0,,,,,,
2026-10-07T17:44:42.374001+00:00,1791395082370,temperature,,,,24.0,OK,,,,,,,,,
2026-10-07T17:44:42.374836+00:00,,guardian_state,,,,,,MONITORING,True,24.0,,,,,,
2026-10-07T17:44:44.378886+00:00,1791395084375,temperature,,,,24.0,OK,,,,,,,,,
2026-10-07T17:44:44.379997+00:00,,guardian_state,,,,,,MONITORING,True,24.0,,,,,,
2026-10-07T17:44:46.379946+00:00,1791395086376,temperature,,,,24.0,OK,,,,,,,,,
2026-10-07T17:44:46.380879+00:00,,guardian_state,,,,,,MONITORING,True,24.0,,,,,,
2026-10-07T17:44:48.381741+00:00,1791395088378,temperature,,,,24.0,OK,,,,,,,,,
2026-10-07T17:44:48.383430+00:00,,guardian_state,,,,,,MONITORING,True,24.0,,,,,,
2026-10-07T17:44:50.382867+00:00,1791395090379,temperature,,,,24.0,OK,,,,,,,,,
2026-10-07T17:44:50.383748+00:00,,guardian_state,,,,,,MONITORING,True,24.0,,,,,,
2026-10-07T17:44:50.464457+00:00,1791395090461,child_presence,True,0.97,rear_center,,,,,,,,,,,
2026-10-07T17:44:50.465118+00:00,,guardian_state,,,,,,MONITORING,True,24.0,,,,,,
2026-10-07T17:44:52.387542+00:00,1791395092384,temperature,,,,24.0,OK,,,,,,,,,
2026-10-07T17:44:52.388108+00:00,,guardian_state,,,,,,MONITORING,True,24.0,,,,,,
2026-10-07T17:44:54.390416+00:00,1791395094386,temperature,,,,24.0,OK,,,,,,,,,
2026-10-07T17:44:54.391913+00:00,,guardian_state,,,,,,MONITORING,True,24.0,,,,,,
2026-10-07T17:44:56.392357+00:00,1791395096389,temperature,,,,24.0,OK,,,,,,,,,
2026-10-07T17:44:56.393431+00:00,,guardian_state,,,,,,MONITORING,True,24.0,,,,,,
2026-10-07T17:44:58.394351+00:00,1791395098391,temperature,,,,24.0,OK,,,,,,,,,
2026-10-07T17:44:58.395099+00:00,,guardian_state,,,,,,MONITORING,True,24.0,,,,,,
2026-10-07T17:45:00.395644+00:00,1791395100392,temperature,,,,24.0,OK,,,,,,,,,
2026-10-07T17:45:00.396584+00:00,,guardian_state,,,,,,MONITORING,True,24.0,,,,,,
2026-10-07T17:45:02.398167+00:00,1791395102395,temperature,,,,24.0,OK,,,,,,,,,
2026-10-07T17:45:02.398899+00:00,,guardian_state,,,,,,MONITORING,True,24.0,,,,,,
2026-10-07T17:45:02.465998+00:00,1791395102462,child_presence,True,0.97,rear_center,,,,,,,,,,,
2026-10-07T17:45:02.469903+00:00,,guardian_state,,,,,,MONITORING,True,24.0,,,,,,
2026-10-07T17:45:04.403366+00:00,1791395104400,temperature,,,,24.0,OK,,,,,,,,,
2026-10-07T17:45:04.403711+00:00,,guardian_state,,,,,,MONITORING,True,24.0,,,,,,
2026-10-07T17:45:06.407835+00:00,1791395106404,temperature,,,,24.0,OK,,,,,,,,,
2026-10-07T17:45:06.408693+00:00,,guardian_state,,,,,,MONITORING,True,24.0,,,,,,
2026-10-07T17:45:08.412250+00:00,1791395108409,temperature,,,,24.0,OK,,,,,,,,,
2026-10-07T17:45:08.413034+00:00,,guardian_state,,,,,,MONITORING,True,24.0,,,,,,
2026-10-07T17:45:10.418423+00:00,1791395110415,temperature,,,,24.0,OK,,,,,,,,,
2026-10-07T17:45:10.419188+00:00,,guardian_state,,,,,,MONITORING,True,24.0,,,,,,
2026-10-07T17:45:12.420313+00:00,1791395112417,temperature,,,,24.0,OK,,,,,,,,,
2026-10-07T17:45:12.421291+00:00,,guardian_state,,,,,,MONITORING,True,24.0,,,,,,
2026-10-07T17:45:14.422583+00:00,1791395114419,temperature,,,,24.0,OK,,,,,,,,,
2026-10-07T17:45:14.423360+00:00,,guardian_state,,,,,,MONITORING,True,24.0,,,,,,
2026-10-07T17:45:14.467276+00:00,1791395114464,child_presence,True,0.97,rear_center,,,,,,,,,,,
2026-10-07T17:45:14.468021+00:00,,guardian_state,,,,,,MONITORING,True,24.0,,,,,,
2026-10-07T17:45:16.424144+00:00,1791395116421,temperature,,,,24.0,OK,,,,,,,,,
2026-10-07T17:45:16.425013+00:00,,guardian_state,,,,,,MONITORING,True,24.0,,,,,,
2026-10-07T17:45:18.428164+00:00,1791395118424,temperature,,,,24.0,OK,,,,,,,,,
2026-10-07T17:45:18.429110+00:00,,guardian_state,,,,,,MONITORING,True,24.0,,,,,,
2026-10-07T17:45:20.430227+00:00,1791395120427,temperature,,,,24.0,OK,,,,,,,,,
2026-10-07T17:45:20.431268+00:00,,guardian_state,,,,,,MONITORING,True,24.0,,,,,,
2026-10-07T17:45:22.435944+00:00,1791395122432,temperature,,,,24.0,OK,,,,,,,,,
2026-10-07T17:45:22.436900+00:00,,guardian_state,,,,,,MONITORING,True,24.0,,,,,,
2026-10-07T17:45:24.440590+00:00,1791395124437,temperature,,,,24.0,OK,,,,,,,,,
2026-10-07T17:45:24.441597+00:00,,guardian_state,,,,,,MONITORING,True,24.0,,,,,,
2026-10-07T17:45:26.446336+00:00,1791395126443,temperature,,,,24.0,OK,,,,,,,,,
2026-10-07T17:45:26.447157+00:00,,guardian_state,,,,,,MONITORING,True,24.0,,,,,,
2026-10-07T17:45:26.468729+00:00,1791395126465,child_presence,True,0.97,rear_center,,,,,,,,,,,
2026-10-07T17:45:26.469605+00:00,,guardian_state,,,,,,MONITORING,True,24.0,,,,,,
2026-10-07T17:45:28.449832+00:00,1791395128447,temperature,,,,24.0,OK,,,,,,,,,
2026-10-07T17:45:28.450246+00:00,,guardian_state,,,,,,MONITORING,True,24.0,,,,,,
2026-10-07T17:45:30.453053+00:00,1791395130450,temperature,,,,24.0,OK,,,,,,,,,
2026-10-07T17:45:30.454025+00:00,,guardian_state,,,,,,MONITORING,True,24.0,,,,,,
2026-10-07T17:45:32.457434+00:00,1791395132454,temperature,,,,24.0,OK,,,,,,,,,
2026-10-07T17:45:32.458335+00:00,,guardian_state,,,,,,MONITORING,True,24.0,,,,,,
2026-10-07T17:45:34.462236+00:00,1791395134459,temperature,,,,24.0,OK,,,,,,,,,
2026-10-07T17:45:34.463097+00:00,,guardian_state,,,,,,MONITORING,True,24.0,,,,,,
2026-10-07T17:45:36.468239+00:00,1791395136465,temperature,,,,24.0,OK,,,,,,,,,
2026-10-07T17:45:36.469152+00:00,,guardian_state,,,,,,MONITORING,True,24.0,,,,,,
2026-10-07T17:45:38.472153+00:00,1791395138468,child_presence,True,0.97,rear_center,,,,,,,,,,,
2026-10-07T17:45:38.473055+00:00,1791395138468,temperature,,,,24.0,OK,,,,,,,,,
2026-10-07T17:45:38.473373+00:00,,guardian_state,,,,,,MONITORING,True,24.0,,,,,,
2026-10-07T17:45:38.473554+00:00,,guardian_state,,,,,,MONITORING,True,24.0,,,,,,
2026-10-07T17:45:40.475878+00:00,1791395140473,temperature,,,,24.0,OK,,,,,,,,,
2026-10-07T17:45:40.476752+00:00,,guardian_state,,,,,,MONITORING,True,24.0,,,,,,
2026-10-07T17:45:42.478398+00:00,1791395142475,temperature,,,,24.0,OK,,,,,,,,,
2026-10-07T17:45:42.479219+00:00,,guardian_state,,,,,,MONITORING,True,24.0,,,,,,
2026-10-07T17:45:44.482671+00:00,1791395144480,temperature,,,,24.0,OK,,,,,,,,,
2026-10-07T17:45:44.483415+00:00,,guardian_state,,,,,,MONITORING,True,24.0,,,,,,
2026-10-07T17:45:46.484479+00:00,1791395146481,temperature,,,,24.0,OK,,,,,,,,,
2026-10-07T17:45:46.485221+00:00,,guardian_state,,,,,,MONITORING,True,24.0,,,,,,
2026-10-07T17:45:48.487388+00:00,1791395148484,temperature,,,,24.0,OK,,,,,,,,,
2026-10-07T17:45:48.488038+00:00,,guardian_state,,,,,,MONITORING,True,24.0,,,,,,
2026-10-07T17:45:50.475892+00:00,1791395150473,child_presence,True,0.97,rear_center,,,,,,,,,,,
2026-10-07T17:45:50.476741+00:00,,guardian_state,,,,,,MONITORING,True,24.0,,,,,,
2026-10-07T17:45:50.491116+00:00,1791395150487,temperature,,,,24.0,OK,,,,,,,,,
2026-10-07T17:45:50.491889+00:00,,guardian_state,,,,,,MONITORING,True,24.0,,,,,,
2026-10-07T17:45:52.492570+00:00,1791395152489,temperature,,,,24.0,OK,,,,,,,,,
2026-10-07T17:45:52.493791+00:00,,guardian_state,,,,,,MONITORING,True,24.0,,,,,,
2026-10-07T17:45:54.497846+00:00,1791395154494,temperature,,,,24.0,OK,,,,,,,,,
2026-10-07T17:45:54.498646+00:00,,guardian_state,,,,,,MONITORING,True,24.0,,,,,,
2026-10-07T17:45:56.500898+00:00,1791395156498,temperature,,,,24.0,OK,,,,,,,,,
2026-10-07T17:45:56.501717+00:00,,guardian_state,,,,,,MONITORING,True,24.0,,,,,,
2026-10-07T17:45:58.503645+00:00,1791395158501,temperature,,,,24.0,OK,,,,,,,,,
2026-10-07T17:45:58.503976+00:00,,guardian_state,,,,,,MONITORING,True,24.0,,,,,,
2026-10-07T17:46:00.509445+00:00,1791395160506,temperature,,,,24.0,OK,,,,,,,,,
2026-10-07T17:46:00.510175+00:00,,guardian_state,,,,,,MONITORING,True,24.0,,,,,,
2026-10-07T17:46:02.478888+00:00,1791395162476,child_presence,True,0.97,rear_center,,,,,,,,,,,
2026-10-07T17:46:02.479801+00:00,,guardian_state,,,,,,MONITORING,True,24.0,,,,,,
2026-10-07T17:46:02.511059+00:00,1791395162508,temperature,,,,24.0,OK,,,,,,,,,
2026-10-07T17:46:02.511643+00:00,,guardian_state,,,,,,MONITORING,True,24.0,,,,,,
2026-10-07T17:46:04.518130+00:00,1791395164515,temperature,,,,24.0,OK,,,,,,,,,
2026-10-07T17:46:04.518944+00:00,,guardian_state,,,,,,MONITORING,True,24.0,,,,,,
2026-10-07T17:46:06.519020+00:00,1791395166516,temperature,,,,24.0,OK,,,,,,,,,
2026-10-07T17:46:06.519808+00:00,,guardian_state,,,,,,MONITORING,True,24.0,,,,,,
2026-10-07T17:46:08.522895+00:00,1791395168520,temperature,,,,24.0,OK,,,,,,,,,
2026-10-07T17:46:08.523222+00:00,,guardian_state,,,,,,MONITORING,True,24.0,,,,,,
2026-10-07T17:46:10.527043+00:00,1791395170524,temperature,,,,24.0,OK,,,,,,,,,
2026-10-07T17:46:10.527851+00:00,,guardian_state,,,,,,MONITORING,True,24.0,,,,,,
2026-10-07T17:46:12.528428+00:00,1791395172525,temperature,,,,24.0,OK,,,,,,,,,
2026-10-07T17:46:12.529247+00:00,,guardian_state,,,,,,MONITORING,True,24.0,,,,,,
2026-10-07T17:46:14.480836+00:00,1791395174478,child_presence,True,0.97,rear_center,,,,,,,,,,,
2026-10-07T17:46:14.481588+00:00,,guardian_state,,,,,,MONITORING,True,24.0,,,,,,
2026-10-07T17:46:14.534524+00:00,1791395174532,temperature,,,,24.0,OK,,,,,,,,,
2026-10-07T17:46:14.535244+00:00,,guardian_state,,,,,,MONITORING,True,24.0,,,,,,
2026-10-07T17:46:16.537652+00:00,1791395176535,temperature,,,,24.0,OK,,,,,,,,,
2026-10-07T17:46:16.538627+00:00,,guardian_state,,,,,,MONITORING,True,24.0,,,,,,
2026-10-07T17:46:18.541353+00:00,1791395178538,temperature,,,,24.0,OK,,,,,,,,,
2026-10-07T17:46:18.542189+00:00,,guardian_state,,,,,,MONITORING,True,24.0,,,,,,
2026-10-07T17:46:20.546155+00:00,1791395180543,temperature,,,,24.0,OK,,,,,,,,,
2026-10-07T17:46:20.546922+00:00,,guardian_state,,,,,,MONITORING,True,24.0,,,,,,
2026-10-07T17:46:22.551035+00:00,1791395182547,temperature,,,,24.0,OK,,,,,,,,,
2026-10-07T17:46:22.551797+00:00,,guardian_state,,,,,,MONITORING,True,24.0,,,,,,
2026-10-07T17:46:24.556107+00:00,1791395184553,temperature,,,,24.0,OK,,,,,,,,,
2026-10-07T17:46:24.556887+00:00,,guardian_state,,,,,,MONITORING,True,24.0,,,,,,
2026-10-07T17:46:26.483921+00:00,1791395186480,child_presence,True,0.97,rear_center,,,,,,,,,,,
2026-10-07T17:46:26.484634+00:00,,guardian_state,,,,,,MONITORING,True,24.0,,,,,,
2026-10-07T17:46:26.559592+00:00,1791395186557,temperature,,,,24.0,OK,,,,,,,,,
2026-10-07T17:46:26.560314+00:00,,guardian_state,,,,,,MONITORING,True,24.0,,,,,,
2026-10-07T17:46:28.561764+00:00,1791395188558,temperature,,,,24.0,OK,,,,,,,,,
2026-10-07T17:46:28.562663+00:00,,guardian_state,,,,,,MONITORING,True,24.0,,,,,,
2026-10-07T17:46:30.564338+00:00,1791395190561,temperature,,,,24.0,OK,,,,,,,,,
2026-10-07T17:46:30.565222+00:00,,guardian_state,,,,,,MONITORING,True,24.0,,,,,,
2026-10-07T17:46:32.566776+00:00,1791395192563,temperature,,,,24.0,OK,,,,,,,,,
2026-10-07T17:46:32.567522+00:00,,guardian_state,,,,,,MONITORING,True,24.0,,,,,,
2026-10-07T17:46:34.569170+00:00,1791395194566,temperature,,,,24.0,OK,,,,,,,,,
2026-10-07T17:46:34.570006+00:00,,guardian_state,,,,,,MONITORING,True,24.0,,,,,,
2026-10-07T17:46:36.572745+00:00,1791395196569,temperature,,,,24.0,OK,,,,,,,,,
2026-10-07T17:46:36.573715+00:00,,guardian_state,,,,,,MONITORING,True,24.0,,,,,,
2026-10-07T17:46:38.486754+00:00,1791395198483,child_presence,True,0.97,rear_center,,,,,,,,,,,
2026-10-07T17:46:38.487687+00:00,,guardian_state,,,,,,MONITORING,True,24.0,,,,,,
2026-10-07T17:46:38.575652+00:00,1791395198572,temperature,,,,24.0,OK,,,,,,,,,
2026-10-07T17:46:38.576503+00:00,,guardian_state,,,,,,MONITORING,True,24.0,,,,,,
2026-10-07T17:46:40.577520+00:00,1791395200574,temperature,,,,24.0,OK,,,,,,,,,
2026-10-07T17:46:40.578302+00:00,,guardian_state,,,,,,MONITORING,True,24.0,,,,,,
2026-10-07T17:46:42.582899+00:00,1791395202579,temperature,,,,24.0,OK,,,,,,,,,
2026-10-07T17:46:42.583694+00:00,,guardian_state,,,,,,MONITORING,True,24.0,,,,,,
2026-10-07T17:46:44.588124+00:00,1791395204585,temperature,,,,24.0,OK,,,,,,,,,
2026-10-07T17:46:44.589032+00:00,,guardian_state,,,,,,MONITORING,True,24.0,,,,,,
2026-10-07T17:46:46.588964+00:00,1791395206586,temperature,,,,24.0,OK,,,,,,,,,
2026-10-07T17:46:46.589694+00:00,,guardian_state,,,,,,MONITORING,True,24.0,,,,,,
2026-10-07T17:46:48.590554+00:00,1791395208587,temperature,,,,24.0,OK,,,,,,,,,
2026-10-07T17:46:48.591440+00:00,,guardian_state,,,,,,MONITORING,True,24.0,,,,,,
2026-10-07T17:46:50.493386+00:00,1791395210490,child_presence,True,0.97,rear_center,,,,,,,,,,,
2026-10-07T17:46:50.494219+00:00,,guardian_state,,,,,,MONITORING,True,24.0,,,,,,
2026-10-07T17:46:50.595352+00:00,1791395210592,temperature,,,,24.0,OK,,,,,,,,,
2026-10-07T17:46:50.596102+00:00,,guardian_state,,,,,,MONITORING,True,24.0,,,,,,
2026-10-07T17:46:52.596266+00:00,1791395212592,temperature,,,,24.0,OK,,,,,,,,,
2026-10-07T17:46:52.597236+00:00,,guardian_state,,,,,,MONITORING,True,24.0,,,,,,
2026-10-07T17:46:54.597389+00:00,1791395214593,temperature,,,,24.0,OK,,,,,,,,,
2026-10-07T17:46:54.598320+00:00,,guardian_state,,,,,,MONITORING,True,24.0,,,,,,
2026-10-07T17:46:56.599222+00:00,1791395216595,temperature,,,,24.0,OK,,,,,,,,,
2026-10-07T17:46:56.600066+00:00,,guardian_state,,,,,,MONITORING,True,24.0,,,,,,
2026-10-07T17:46:58.602573+00:00,1791395218599,temperature,,,,24.0,OK,,,,,,,,,
2026-10-07T17:46:58.603506+00:00,,guardian_state,,,,,,MONITORING,True,24.0,,,,,,
2026-10-07T17:47:00.605939+00:00,1791395220602,temperature,,,,24.0,OK,,,,,,,,,
2026-10-07T17:47:00.606720+00:00,,guardian_state,,,,,,MONITORING,True,24.0,,,,,,
2026-10-07T17:47:02.494537+00:00,1791395222490,child_presence,True,0.97,rear_center,,,,,,,,,,,
2026-10-07T17:47:02.495433+00:00,,guardian_state,,,,,,MONITORING,True,24.0,,,,,,
2026-10-07T17:47:02.607267+00:00,1791395222604,temperature,,,,24.0,OK,,,,,,,,,
2026-10-07T17:47:02.607859+00:00,,guardian_state,,,,,,MONITORING,True,24.0,,,,,,
2026-10-07T17:47:04.612655+00:00,1791395224609,temperature,,,,24.0,OK,,,,,,,,,
2026-10-07T17:47:04.613417+00:00,,guardian_state,,,,,,MONITORING,True,24.0,,,,,,
2026-10-07T17:47:06.614143+00:00,1791395226611,temperature,,,,24.0,OK,,,,,,,,,
2026-10-07T17:47:06.615051+00:00,,guardian_state,,,,,,MONITORING,True,24.0,,,,,,
2026-10-07T17:47:08.615895+00:00,1791395228612,temperature,,,,24.0,OK,,,,,,,,,
2026-10-07T17:47:08.616800+00:00,,guardian_state,,,,,,MONITORING,True,24.0,,,,,,
2026-10-07T17:47:10.617470+00:00,1791395230614,temperature,,,,24.0,OK,,,,,,,,,
2026-10-07T17:47:10.618197+00:00,,guardian_state,,,,,,MONITORING,True,24.0,,,,,,
2026-10-07T17:47:12.620820+00:00,1791395232617,temperature,,,,24.0,OK,,,,,,,,,
2026-10-07T17:47:12.621708+00:00,,guardian_state,,,,,,MONITORING,True,24.0,,,,,,
2026-10-07T17:47:14.499662+00:00,1791395234496,child_presence,True,0.97,rear_center,,,,,,,,,,,
2026-10-07T17:47:14.499946+00:00,,guardian_state,,,,,,MONITORING,True,24.0,,,,,,
2026-10-07T17:47:14.622817+00:00,1791395234619,temperature,,,,24.0,OK,,,,,,,,,
2026-10-07T17:47:14.623208+00:00,,guardian_state,,,,,,MONITORING,True,24.0,,,,,,
2026-10-07T17:47:16.624529+00:00,1791395236621,temperature,,,,24.0,OK,,,,,,,,,
2026-10-07T17:47:16.625273+00:00,,guardian_state,,,,,,MONITORING,True,24.0,,,,,,
2026-10-07T17:47:18.626973+00:00,1791395238623,temperature,,,,24.0,OK,,,,,,,,,
2026-10-07T17:47:18.628003+00:00,,guardian_state,,,,,,MONITORING,True,24.0,,,,,,
2026-10-07T17:47:20.629727+00:00,1791395240626,temperature,,,,24.0,OK,,,,,,,,,
2026-10-07T17:47:20.630565+00:00,,guardian_state,,,,,,MONITORING,True,24.0,,,,,,
2026-10-07T17:47:22.631672+00:00,1791395242627,temperature,,,,24.0,OK,,,,,,,,,
2026-10-07T17:47:22.632466+00:00,,guardian_state,,,,,,MONITORING,True,24.0,,,,,,
2026-10-07T17:47:24.632500+00:00,1791395244629,temperature,,,,24.0,OK,,,,,,,,,
2026-10-07T17:47:24.632880+00:00,,guardian_state,,,,,,MONITORING,True,24.0,,,,,,
2026-10-07T17:47:26.502584+00:00,1791395246499,child_presence,True,0.97,rear_center,,,,,,,,,,,
2026-10-07T17:47:26.503508+00:00,,guardian_state,,,,,,MONITORING,True,24.0,,,,,,
2026-10-07T17:47:26.635069+00:00,1791395246631,temperature,,,,24.0,OK,,,,,,,,,
2026-10-07T17:47:26.635768+00:00,,guardian_state,,,,,,MONITORING,True,24.0,,,,,,
2026-10-07T17:47:28.636646+00:00,1791395248633,temperature,,,,24.0,OK,,,,,,,,,
2026-10-07T17:47:28.637612+00:00,,guardian_state,,,,,,MONITORING,True,24.0,,,,,,
2026-10-07T17:47:30.641161+00:00,1791395250637,temperature,,,,24.0,OK,,,,,,,,,
2026-10-07T17:47:30.641988+00:00,,guardian_state,,,,,,MONITORING,True,24.0,,,,,,
2026-10-07T17:47:32.643053+00:00,1791395252639,temperature,,,,24.0,OK,,,,,,,,,
2026-10-07T17:47:32.643850+00:00,,guardian_state,,,,,,MONITORING,True,24.0,,,,,,
2026-10-07T17:47:34.644925+00:00,1791395254641,temperature,,,,24.0,OK,,,,,,,,,
2026-10-07T17:47:34.645189+00:00,,guardian_state,,,,,,MONITORING,True,24.0,,,,,,
2026-10-07T17:47:36.647102+00:00,1791395256643,temperature,,,,24.0,OK,,,,,,,,,
2026-10-07T17:47:36.648057+00:00,,guardian_state,,,,,,MONITORING,True,24.0,,,,,,
2026-10-07T17:47:38.506162+00:00,1791395258502,child_presence,True,0.97,rear_center,,,,,,,,,,,
2026-10-07T17:47:38.507052+00:00,,guardian_state,,,,,,MONITORING,True,24.0,,,,,,
2026-10-07T17:47:38.652285+00:00,1791395258648,temperature,,,,24.0,OK,,,,,,,,,
2026-10-07T17:47:38.653305+00:00,,guardian_state,,,,,,MONITORING,True,24.0,,,,,,
2026-10-07T17:47:40.653897+00:00,1791395260650,temperature,,,,24.0,OK,,,,,,,,,
2026-10-07T17:47:40.654900+00:00,,guardian_state,,,,,,MONITORING,True,24.0,,,,,,
2026-10-07T17:47:42.656263+00:00,1791395262652,temperature,,,,24.0,OK,,,,,,,,,
2026-10-07T17:47:42.657317+00:00,,guardian_state,,,,,,MONITORING,True,24.0,,,,,,
2026-10-07T17:47:44.658769+00:00,1791395264655,temperature,,,,24.0,OK,,,,,,,,,
2026-10-07T17:47:44.659588+00:00,,guardian_state,,,,,,MONITORING,True,24.0,,,,,,
2026-10-07T17:47:46.660275+00:00,1791395266656,temperature,,,,24.0,OK,,,,,,,,,
2026-10-07T17:47:46.661059+00:00,,guardian_state,,,,,,MONITORING,True,24.0,,,,,,
2026-10-07T17:47:48.663009+00:00,1791395268659,temperature,,,,24.0,OK,,,,,,,,,
2026-10-07T17:47:48.663795+00:00,,guardian_state,,,,,,MONITORING,True,24.0,,,,,,
2026-10-07T17:47:50.511074+00:00,1791395270507,child_presence,True,0.97,rear_center,,,,,,,,,,,
2026-10-07T17:47:50.511895+00:00,,guardian_state,,,,,,MONITORING,True,24.0,,,,,,
2026-10-07T17:47:50.666940+00:00,1791395270663,temperature,,,,24.0,OK,,,,,,,,,
2026-10-07T17:47:50.667240+00:00,,guardian_state,,,,,,MONITORING,True,24.0,,,,,,
2026-10-07T17:47:52.673793+00:00,1791395272670,temperature,,,,24.0,OK,,,,,,,,,
2026-10-07T17:47:52.674763+00:00,,guardian_state,,,,,,MONITORING,True,24.0,,,,,,
2026-10-07T17:47:54.675825+00:00,1791395274673,temperature,,,,24.0,OK,,,,,,,,,
2026-10-07T17:47:54.676584+00:00,,guardian_state,,,,,,MONITORING,True,24.0,,,,,,
2026-10-07T17:47:56.679047+00:00,1791395276676,temperature,,,,24.0,OK,,,,,,,,,
2026-10-07T17:47:56.679990+00:00,,guardian_state,,,,,,MONITORING,True,24.0,,,,,,
2026-10-07T17:47:58.680760+00:00,1791395278678,temperature,,,,24.0,OK,,,,,,,,,
2026-10-07T17:47:58.681576+00:00,,guardian_state,,,,,,MONITORING,True,24.0,,,,,,
2026-10-07T17:48:00.682853+00:00,1791395280680,temperature,,,,24.0,OK,,,,,,,,,
2026-10-07T17:48:00.683769+00:00,,guardian_state,,,,,,MONITORING,True,24.0,,,,,,
2026-10-07T17:48:02.516498+00:00,1791395282513,child_presence,True,0.97,rear_center,,,,,,,,,,,
2026-10-07T17:48:02.517563+00:00,,guardian_state,,,,,,MONITORING,True,24.0,,,,,,
2026-10-07T17:48:02.685514+00:00,1791395282682,temperature,,,,24.0,OK,,,,,,,,,
2026-10-07T17:48:02.686278+00:00,,guardian_state,,,,,,MONITORING,True,24.0,,,,,,
2026-10-07T17:48:04.687271+00:00,1791395284684,temperature,,,,24.0,OK,,,,,,,,,
2026-10-07T17:48:04.688138+00:00,,guardian_state,,,,,,MONITORING,True,24.0,,,,,,
2026-10-07T17:48:06.690274+00:00,1791395286687,temperature,,,,24.0,OK,,,,,,,,,
2026-10-07T17:48:06.691252+00:00,,guardian_state,,,,,,MONITORING,True,24.0,,,,,,
2026-10-07T17:48:08.692683+00:00,1791395288689,temperature,,,,24.0,OK,,,,,,,,,
2026-10-07T17:48:08.693600+00:00,,guardian_state,,,,,,MONITORING,True,24.0,,,,,,
2026-10-07T17:48:10.695664+00:00,1791395290692,temperature,,,,24.0,OK,,,,,,,,,
2026-10-07T17:48:10.696492+00:00,,guardian_state,,,,,,MONITORING,True,24.0,,,,,,
2026-10-07T17:48:12.698168+00:00,1791395292695,temperature,,,,24.0,OK,,,,,,,,,
2026-10-07T17:48:12.699034+00:00,,guardian_state,,,,,,MONITORING,True,24.0,,,,,,
2026-10-07T17:48:14.518476+00:00,1791395294515,child_presence,True,0.97,rear_center,,,,,,,,,,,
2026-10-07T17:48:14.519357+00:00,,guardian_state,,,,,,MONITORING,True,24.0,,,,,,
2026-10-07T17:48:14.699706+00:00,1791395294696,temperature,,,,24.0,OK,,,,,,,,,
2026-10-07T17:48:14.700963+00:00,,guardian_state,,,,,,MONITORING,True,24.0,,,,,,
2026-10-07T17:48:16.701370+00:00,1791395296699,temperature,,,,24.0,OK,,,,,,,,,
2026-10-07T17:48:16.702092+00:00,,guardian_state,,,,,,MONITORING,True,24.0,,,,,,
2026-10-07T17:48:18.707990+00:00,1791395298705,temperature,,,,24.0,OK,,,,,,,,,
2026-10-07T17:48:18.708905+00:00,,guardian_state,,,,,,MONITORING,True,24.0,,,,,,
2026-10-07T17:48:20.712981+00:00,1791395300710,temperature,,,,24.0,OK,,,,,,,,,
2026-10-07T17:48:20.713863+00:00,,guardian_state,,,,,,MONITORING,True,24.0,,,,,,
2026-10-07T17:48:22.714834+00:00,1791395302711,temperature,,,,24.0,OK,,,,,,,,,
2026-10-07T17:48:22.715639+00:00,,guardian_state,,,,,,MONITORING,True,24.0,,,,,,
2026-10-07T17:48:24.717771+00:00,1791395304714,temperature,,,,24.0,OK,,,,,,,,,
2026-10-07T17:48:24.718624+00:00,,guardian_state,,,,,,MONITORING,True,24.0,,,,,,
