,temperature_celsius,guardian_temperature_celsius,window_percentage,hvac_target_temperature_celsius,hvac_fan_speed_percent,temperature_change,temperature_vs_target,temperature_rolling_mean,temperature_rolling_std,temperature_rate_per_minute,hvac_temperature_error,future_temperature_change
temperature_celsius,1.0,0.5276405091803792,-0.16628925085363064,,-0.491686004065077,0.07041662984490496,1.0,0.9903341066485597,0.059400213447413454,0.1263197887076369,1.0,-0.23084678272873865
guardian_temperature_celsius,0.5276405091803792,1.0,-0.08720086883014476,,-0.3155897360971451,-0.0027335354635955517,0.47492462118633916,0.532727321086158,-0.058876817199671125,,0.47492462118633916,
window_percentage,-0.16628925085363064,-0.08720086883014476,1.0,,0.3228563699341907,-0.018515312984369946,-0.16672402233611658,-0.16522421375428273,-0.009911497196907943,-0.020164774228631367,-0.16672402233611658,
hvac_target_temperature_celsius,,,,,,,,,,,,
hvac_fan_speed_percent,-0.491686004065077,-0.3155897360971451,0.3228563699341907,,1.0,-0.01073353010460701,-0.4916860040650757,-0.49352538074303776,0.16495054948472007,-0.018636898203306752,-0.4916860040650757,-0.6001132087306374
temperature_change,0.07041662984490496,-0.0027335354635955517,-0.018515312984369946,,-0.01073353010460701,1.0,0.08344318144515513,-0.031136897959412064,-0.14934910797272538,0.9999999985059022,0.08344318144515513,-0.03942999795815961
temperature_vs_target,1.0,0.47492462118633916,-0.16672402233611658,,-0.4916860040650757,0.08344318144515513,1.0,0.982937052377762,-0.12946064937883797,0.14501344608692238,1.0,-0.41806197840709763
temperature_rolling_mean,0.9903341066485597,0.532727321086158,-0.16522421375428273,,-0.49352538074303776,-0.031136897959412064,0.982937052377762,1.0,0.10286630064190111,-0.0482968824533223,0.982937052377762,-0.22146063435087335
temperature_rolling_std,0.059400213447413454,-0.058876817199671125,-0.009911497196907943,,0.16495054948472007,-0.14934910797272538,-0.12946064937883797,0.10286630064190111,1.0,-0.15035256141376943,-0.12946064937883797,-0.040349706663739084
temperature_rate_per_minute,0.1263197887076369,,-0.020164774228631367,,-0.018636898203306752,0.9999999985059022,0.14501344608692238,-0.0482968824533223,-0.15035256141376943,1.0,0.14501344608692238,-0.03946682550015797
hvac_temperature_error,1.0,0.47492462118633916,-0.16672402233611658,,-0.4916860040650757,0.08344318144515513,1.0,0.982937052377762,-0.12946064937883797,0.14501344608692238,1.0,-0.41806197840709763
future_temperature_change,-0.23084678272873865,,,,-0.6001132087306374,-0.03942999795815961,-0.41806197840709763,-0.22146063435087335,-0.040349706663739084,-0.03946682550015797,-0.41806197840709763,1.0
