,missing_count,missing_percentage
receive_timestamp,0,0.0
event_timestamp_ms,811,40.55
event_type,0,0.0
child_present,1830,91.5
child_confidence,1830,91.5
child_zone,1840,92.0
temperature_celsius,1359,67.95
temperature_sensor_status,1359,67.95
guardian_state,1189,59.45
guardian_child_present,1189,59.45
guardian_temperature_celsius,1189,59.45
window_percentage,1811,90.55
window_alarm_enabled,1811,90.55
hvac_target_temperature_celsius,1811,90.55
hvac_active,1811,90.55
hvac_fan_speed_percent,1811,90.55
hvac_fault_active,1811,90.55
